time_s,armature_voltage_v,opposing_load_torque_nm,shaft_position_rad,shaft_speed_rad_s,armature_current_a
0.0,1.0,0.0,0.0,0.0,0.0
0.001,1.0,0.0,3.32335396206283e-10,9.960103109093068e-07,0.0019980013260235494
0.002,1.0,0.0,2.6507325681847378e-09,3.9681646435364575e-06,0.003992010603046912
0.003,1.0,0.0,8.919499603569434e-09,8.892831837724552e-06,0.0059820357679424875
0.004,1.0,0.0,2.1079435145450032e-08,1.574662375693829e-05,0.007968084742194511
0.005,1.0,0.0,4.1048070197251375e-08,2.4506392854839977e-05,0.00995016543192497
0.006,1.0,0.0,7.071990750632867e-08,3.514922976610426e-05,0.011928285727919515
0.007,1.0,0.0,1.1196665855039616e-07,4.765246092123049e-05,0.01390245350565336
0.008,1.0,0.0,1.6663747815066736e-07,6.19936461851138e-05,0.015872676625317196
0.009000000000000001,1.0,0.0,2.3655919673534728e-07,7.815057651913864e-05,0.017838962931843082
0.01,1.0,0.0,3.235365502768815e-07,9.610127166656057e-05,0.019801320254930338
0.011,1.0,0.0,4.293524079261348e-07,0.00011582397786094472,0.021759756409071435
0.012,1.0,0.0,5.55767997366441e-07,0.00013729716555743135,0.023714279193577867
0.013000000000000001,1.0,0.0,7.045231279102361e-07,0.00016049952718660148,0.025664896392606038
0.014,1.0,0.0,8.773364113607653e-07,0.00018540997493071769,0.027611615775183125
0.015,1.0,0.0,1.0759054806611235e-06,0.00021200763852211735,0.02955444509523293
0.016,1.0,0.0,1.3019072063526752e-06,0.00024027186306353808,0.03149339209160174
0.017,1.0,0.0,1.5569979108646721e-06,0.0002701822068701569,0.033428464488084175
0.018000000000000002,1.0,0.0,1.8428135806566808e-06,0.0003017184393331272,0.035359669993449
0.019,1.0,0.0,2.160970076235203e-06,0.0003348605388043997,0.03728701630146497
0.02,1.0,0.0,2.5130633400656723e-06,0.0003695886905026153,0.03921051109092665
0.021,1.0,0.0,2.900669602400794e-06,0.0004058832844398603,0.04113016202568021
0.022,1.0,0.0,3.32534558504598e-06,0.0004437249133690767,0.043045976754649225
0.023,1.0,0.0,3.788628703082441e-06,0.0004830943707519216,0.044957962911860445
0.024,1.0,0.0,4.292037264568274e-06,0.0005239726487468722,0.0468661281164696
0.025,1.0,0.0,4.837070668237696e-06,0.0005663409362173757,0.04877047997278713
0.026000000000000002,1.0,0.0,5.425209599218365e-06,0.0006101806167598431,0.05067102607030396
0.027,1.0,0.0,6.057916222786538e-06,0.0006554732667512914,0.052567773983717224
0.028,1.0,0.0,6.736634376179605e-06,0.0007022006534164373,0.054460731272956
0.029,1.0,0.0,7.4627897584853756e-06,0.0007503447329140492,0.056349905483207015
0.03,1.0,0.0,8.237790118627254e-06,0.0007998876484423656,0.05823530414494034
0.031,1.0,0.0,9.063025441464292e-06,0.0008508117283633908,0.06011693477393509
0.032,1.0,0.0,9.939868132024898e-06,0.0009030994843458803,0.06199480487130509
0.033,1.0,0.0,1.0869673197892804e-05,0.0009567336095268281,0.06386892192352453
0.034,1.0,0.0,1.1853778429763675e-05,0.0010116969766912737,0.06573929340245359
0.035,1.0,0.0,1.2893504580190637e-05,0.001067972636470246,0.0676059267653641
0.036000000000000004,1.0,0.0,1.3990155540536719e-05,0.0011255438155566631,0.06946882945496514
0.037,1.0,0.0,1.5145018516152107e-05,0.0011843939149390104,0.07132800889942864
0.038,1.0,0.0,1.63593641997939e-05,0.0012445065081526172,0.07318347251241493
0.039,1.0,0.0,1.763444694330584e-05,0.0013058653395483625,0.07503522769309834
0.04,1.0,0.0,1.8971504927575437e-05,0.0013684543225786292,0.07688328182619274
0.041,1.0,0.0,2.037176033078555e-05,0.0014322575381003411,0.07872764228197705
0.042,1.0,0.0,2.183641949497752e-05,0.0014972592326949088,0.0805683164163208
0.043000000000000003,1.0,0.0,2.3366673090942598e-05,0.00156344381700492,0.08240531157070956
0.044,1.0,0.0,2.496369628145838e-05,0.0016307958640874025,0.08423863507227047
0.045,1.0,0.0,2.662864888288674e-05,0.0016993001077835006,0.08606829423379769
0.046,1.0,0.0,2.8362675525149535e-05,0.001768941441104396,0.08789429635377781
0.047,1.0,0.0,3.0166905810098338e-05,0.0018397049146333178,0.0897166487164153
0.048,1.0,0.0,3.2042454468294116e-05,0.0019115757349434741,0.09153535859165791
0.049,1.0,0.0,3.399042151421276e-05,0.0019845392630317544,0.09335043323522207
0.05,1.0,0.0,3.601189239989212e-05,0.0020585810127680395,0.09516187988861821
0.051000000000000004,1.0,0.0,3.81079381670361e-05,0.0021336866493599682,0.09696970577917614
0.052000000000000005,1.0,0.0,4.027961559759119e-05,0.0022098419878330035,0.09877391812007037
0.053,1.0,0.0,4.252796736281063e-05,0.0022870329915256477,0.1005745241103454
0.054,1.0,0.0,4.485402217082132e-05,0.0023652457705996568,0.10237153093494102
0.055,1.0,0.0,4.725879491270836e-05,0.0024444665805651027,0.10416494576471755
0.056,1.0,0.0,4.9743286807132054e-05,0.0025246818208201362,0.10595477575648113
0.057,1.0,0.0,5.2308485543491916e-05,0.0026058780332053064,0.10774102805300888
0.058,1.0,0.0,5.4955365423652246e-05,0.0026880419005722864,0.10952370978307412
0.059000000000000004,1.0,0.0,5.768488750224358e-05,0.00277116024536687,0.11130282806147156
0.06,1.0,0.0,6.049799972555419e-05,0.0028552200282260893,0.11307838998904245
0.061,1.0,0.0,6.33956370690257e-05,0.002940208346589317,0.1148504026526997
0.062,1.0,0.0,6.637872167336678e-05,0.0030261124333232155,0.11661887312545301
0.063,1.0,0.0,6.944816297929861e-05,0.0031129196553603905,0.11838380846643391
0.064,1.0,0.0,7.26048578609458e-05,0.0032006175123516158,0.12014521572092089
0.065,1.0,0.0,7.584969075788627e-05,0.0032891936353314946,0.1219031019203644
0.066,1.0,0.0,7.918353380587354e-05,0.0033786357853974216,0.12365747408241184
0.067,1.0,0.0,8.260724696624437e-05,0.0034689318524017145,0.12540833921093264
0.068,1.0,0.0,8.612167815402528e-05,0.0035600698536567854,0.12715570429604311
0.069,1.0,0.0,8.972766336475054e-05,0.0036520379326532176,0.12889957631413151
0.07,1.0,0.0,9.342602680000481e-05,0.003744824357790626,0.1306399622278829
0.07100000000000001,1.0,0.0,9.721758099170277e-05,0.0038384175211211694,0.13237686898630402
0.07200000000000001,1.0,0.0,0.00010110312692511873,0.003932805937105588,0.13411030352474818
0.073,1.0,0.0,0.00010508345416067833,0.004027978241381644,0.13584027276494015
0.074,1.0,0.0,0.00010915934095452497,0.004123923189544845,0.13756678361500094
0.075,1.0,0.0,0.00011333155437787294,0.004220629655941319,0.13928984296947255
0.076,1.0,0.0,0.00011760085043515956,0.004318086632472726,0.14100945770934287
0.077,1.0,0.0,0.00012196797418100806,0.004416283227413088,0.14272563470207025
0.078,1.0,0.0,0.0001264336598360133,0.004515208664237416,0.1444383808016084
0.079,1.0,0.0,0.00013099863090136198,0.00461485228046201,0.14614770284843093
0.08,1.0,0.0,0.00013566360027229883,0.004715203526496338,0.1478536076695561
0.081,1.0,0.0,0.00014042927035045065,0.004816251964506348,0.14955610207857148
0.082,1.0,0.0,0.00014529633315501895,0.004917987267289119,0.15125519287565847
0.083,1.0,0.0,0.00015026547043285327,0.005020399217158743,0.15295088684761698
0.084,1.0,0.0,0.00015533735376741564,0.005123477704843305,0.1546431907678899
0.085,1.0,0.0,0.00016051264468664776,0.005227212728392867,0.15633211139658776
0.08600000000000001,1.0,0.0,0.00016579199476975145,0.005331594392098345,0.15801765548051305
0.08700000000000001,1.0,0.0,0.00017117604575289346,0.0054366129054211655,0.1596998297531849
0.088,1.0,0.0,0.00017666542963384521,0.005542258581933594,0.16137864093486337
0.089,1.0,0.0,0.00018226076877556828,0.005648521838269635,0.16305409573257398
0.09,1.0,0.0,0.0001879626760087559,0.005755393193086397,0.16472620084013204
0.091,1.0,0.0,0.00019377175473334112,0.005862863266035808,0.16639496293816702
0.092,1.0,0.0,0.0001996885990189817,0.005970922776746599,0.1680603886941469
0.093,1.0,0.0,0.00020571379370453214,0.006079562543816429,0.16972248476240254
0.094,1.0,0.0,0.00021184791449651292,0.0061887734838140685,0.1713812577841518
0.095,1.0,0.0,0.00021809152806658683,0.006298546610291538,0.173036714387524
0.096,1.0,0.0,0.00022444519214805242,0.006408873032806095,0.17468886118758392
0.097,1.0,0.0,0.0002309094556313642,0.006519743955951981,0.17633770478635624
0.098,1.0,0.0,0.00023748485865868963,0.0066311506784018205,0.17798325177284952
0.099,1.0,0.0,0.0002441719327175121,0.00674308459195759,0.17962550872308033
0.1,1.0,0.0,0.00025097120073328997,0.006855537180611049,0.18126448220009753
0.101,1.0,0.0,0.0002578831771611801,0.006968500019613545,0.18290017875400616
0.10200000000000001,1.0,0.0,0.00026490836807683643,0.007081964774555098,0.1845326049219916
0.10300000000000001,1.0,0.0,0.000272047271266292,0.0071959232004526735,0.18616176722834354
0.10400000000000001,1.0,0.0,0.0002793003763149338,0.007310367140847548,0.18778767218447998
0.105,1.0,0.0,0.0002866681646955796,0.007425288526911683,0.18941032628897117
0.106,1.0,0.0,0.00029415110985566545,0.007540679376563015,0.19102973602756357
0.107,1.0,0.0,0.0003017496773035529,0.007656531793589567,0.19264590787320374
0.108,1.0,0.0,0.00030946432469396504,0.0077728379667823064,0.1942588482860622
0.109,1.0,0.0,0.00031729550191255925,0.007889590169076649,0.19586856371355726
0.11,1.0,0.0,0.000325243651159646,0.008006780756702529,0.1974750605903788
0.111,1.0,0.0,0.00033330920703306225,0.008124402168342953,0.19907834533851215
0.112,1.0,0.0,0.0003414925966102067,0.008242446924300957,0.20067842436726172
0.113,1.0,0.0,0.0003497942395292474,0.008360907625674855,0.20227530407327474
0.114,1.0,0.0,0.0003582145480695077,0.008479776953541731,0.20386899084056498
0.115,1.0,0.0,0.0003667539272310402,0.008599047668149092,0.20545949104053637
0.116,1.0,0.0,0.0003754127748133966,0.008718712608114555,0.20704681103200667
0.117,1.0,0.0,0.0003841914814936006,0.00883876468963356,0.20863095716123098
0.11800000000000001,1.0,0.0,0.0003930904309033332,0.008959196905694947,0.21021193576192534
0.11900000000000001,1.0,0.0,0.0004021099997053371,0.009080002325304407,0.2117897531552903
0.12,1.0,0.0,0.0004112505576690483,0.009201174092715642,0.21336441565003433
0.121,1.0,0.0,0.0004205124677454632,0.009322705426669227,0.21493592954239735
0.122,1.0,0.0,0.0004298960861412478,0.009444589619639052,0.21650430111617408
0.123,1.0,0.0,0.0004394017623920976,0.009566820037086296,0.21806953664273757
0.124,1.0,0.0,0.0004490298394353548,0.009689390116720847,0.21963164238106245
0.125,1.0,0.0,0.0004587806536818909,0.00981229336777008,0.22119062457774832
0.126,1.0,0.0,0.0004686545350872615,0.009935523370254952,0.22274648946704306
0.127,1.0,0.0,0.00047865180722214115,0.010059073774273312,0.22429924327086606
0.128,1.0,0.0,0.0004887727873420447,0.010182938299290371,0.22584889219883147
0.129,1.0,0.0,0.000499017786456343,0.010307110733436252,0.22739544244827145
0.13,1.0,0.0,0.0005093871093965792,0.010431584932810557,0.2289389002042593
0.131,1.0,0.0,0.0005198810548840937,0.010556354820793862,0.23047927163963264
0.132,1.0,0.0,0.000530499915596964,0.010681414387366113,0.23201656291501646
0.133,1.0,0.0,0.0005412439782362653,0.010806757688431798,0.23355078017884628
0.134,1.0,0.0,0.0005521135235916613,0.010932378845151873,0.2350819295673911
0.135,1.0,0.0,0.0005631088266063287,0.011058272043282361,0.23661001720477648
0.136,1.0,0.0,0.000574230156441225,0.01118443153251954,0.2381350492030075
0.137,1.0,0.0,0.0005854777765387034,0.011310851625851683,0.23965703166199168
0.138,1.0,0.0,0.0005968519446854838,0.011437526698917266,0.24117597066956195
0.139,1.0,0.0,0.0006083529130749847,0.011564451189369584,0.2426918723014995
0.14,1.0,0.0,0.0006199809283690229,0.011691619596247713,0.2442047426215566
0.14100000000000001,1.0,0.0,0.0006317362317588876,0.011819026479353754,0.2457145876814794
0.14200000000000002,1.0,0.0,0.0006436190590257943,0.011946666458636299,0.24722141352103086
0.14300000000000002,1.0,0.0,0.0006556296406007258,0.012074534213580044,0.24872522616801324
0.14400000000000002,1.0,0.0,0.0006677682016236655,0.012202624482601511,0.25022603163829105
0.145,1.0,0.0,0.0006800349620022299,0.012330932062450799,0.2517238359358136
0.146,1.0,0.0,0.0006924301364697051,0.012459451807619308,0.25321864505263775
0.147,1.0,0.0,0.0007049539346424949,0.012588178629753385,0.2547104649689504
0.148,1.0,0.0,0.000717606561076985,0.012717107497073818,0.25619930165309107
0.149,1.0,0.0,0.0007303882153258289,0.01284623343380114,0.2576851610615746
0.15,1.0,0.0,0.0007432990919936637,0.012975551519586664,0.2591680491391135
0.151,1.0,0.0,0.0007563393807922577,0.013105056888949206,0.2606479718186406
0.152,1.0,0.0,0.0007695092665950999,0.013234744730717434,0.2621249350213312
0.153,1.0,0.0,0.000782808929491432,0.01336461028747779,0.263598944656626
0.154,1.0,0.0,0.0007962385448397334,0.013494648855027923,0.2650700066222527
0.155,1.0,0.0,0.0008097982833206611,0.013624855781835591,0.2665381268042492
0.156,1.0,0.0,0.0008234883109894511,0.013755226468502954,0.26800331107698533
0.157,1.0,0.0,0.0008373087893277881,0.013885756367236242,0.2694655653031853
0.158,1.0,0.0,0.0008512598752951455,0.014016440981320698,0.27092489533394987
0.159,1.0,0.0,0.0008653417213796052,0.014147275864600786,0.27238130700877883
0.16,1.0,0.0,0.0008795544756481582,0.014278256620965584,0.2738348061555928
0.161,1.0,0.0,0.0008938982817964945,0.014409378903839323,0.2752853985907557
0.162,1.0,0.0,0.0009083732791982856,0.01454063841567701,0.27673309011909647
0.163,1.0,0.0,0.0009229796029539648,0.014672030907465104,0.2781778865339316
0.164,1.0,0.0,0.000937717383939012,0.014803552178227175,0.27961979361708683
0.165,1.0,0.0,0.0009525867488517447,0.0149351980745345,0.2810588171389193
0.166,1.0,0.0,0.0009675878202606233,0.015066964490021558,0.2824949628583394
0.167,1.0,0.0,0.0009827207166510745,0.015198847364906364,0.283928236522833
0.168,1.0,0.0,0.0009979855524718368,0.015330842685515598,0.28535864386848286
0.169,1.0,0.0,0.0010133824381808336,0.015462946483814483,0.286786190619991
0.17,1.0,0.0,0.0010289114802905783,0.015595154836941358,0.2882108824907002
0.171,1.0,0.0,0.0010445727814131173,0.015727463866746904,0.2896327251826159
0.17200000000000001,1.0,0.0,0.0010603664403045136,0.01585986973933799,0.291051724386428
0.17300000000000001,1.0,0.0,0.001076292551908877,0.015992368664626052,0.29246788578153254
0.17400000000000002,1.0,0.0,0.0010923512074019442,0.016124956895880012,0.2938812150360534
0.17500000000000002,1.0,0.0,0.0011085424942342149,0.016257630729283663,0.2952917178068641
0.176,1.0,0.0,0.0011248664961736475,0.016390386503497473,0.29669939973960907
0.177,1.0,0.0,0.0011413232933479183,0.01652322059922476,0.2981042664687256
0.178,1.0,0.0,0.0011579129622862493,0.016656129438782235,0.2995063236174653
0.179,1.0,0.0,0.0011746355759608082,0.016789109485674816,0.3009055767979155
0.18,1.0,0.0,0.0011914912038276863,0.016922157244174698,0.30230203161102087
0.181,1.0,0.0,0.0012084799118674571,0.017055269258904646,0.3036956936466048
0.182,1.0,0.0,0.00122560176262532,0.017188442114425426,0.3050865684833909
0.183,1.0,0.0,0.0012428568152508337,0.017321672434827396,0.30647466168902415
0.184,1.0,0.0,0.0012602451255372435,0.01745495688332617,0.3078599788200927
0.185,1.0,0.0,0.001277766745960406,0.017588292161862307,0.30924252542214875
0.186,1.0,0.0,0.0012954217257173154,0.01772167501070504,0.31062230702973
0.187,1.0,0.0,0.001313210110764236,0.01785510220805994,0.31199932916638085
0.188,1.0,0.0,0.0013311319438544442,0.017988570569680513,0.31337359734467374
0.189,1.0,0.0,0.0013491872645755828,0.018122076948483695,0.3147451170662302
0.19,1.0,0.0,0.0013673761093866345,0.018255618234169175,0.316113893821742
0.191,1.0,0.0,0.0013856985116545166,0.01838919135284254,0.31747993309099226
0.192,1.0,0.0,0.0014041545016902986,0.01852279326664218,0.31884324034287664
0.193,1.0,0.0,0.0014227441067850512,0.018656420973369947,0.32020382103542416
0.194,1.0,0.0,0.001441467351245326,0.018790071506125484,0.3215616806158184
0.195,1.0,0.0,0.0014603242564282725,0.018923741932944223,0.32291682452041837
0.196,1.0,0.0,0.0014793148407763932,0.01905742935643902,0.3242692581747794
0.197,1.0,0.0,0.0014984391198519446,0.019191130913445355,0.32561898699367425
0.198,1.0,0.0,0.001517697106370984,0.019324843774670093,0.3269660163811136
0.199,1.0,0.0,0.0015370888102370656,0.01945856514434376,0.3283103517303673
0.2,1.0,0.0,0.0015566142385745928,0.01959229225987631,0.32965199842398496
0.201,1.0,0.0,0.0015762733957618263,0.01972602239151631,0.33099096183381654
0.202,1.0,0.0,0.001596066283463554,0.01985975284201358,0.33232724732103347
0.203,1.0,0.0,0.0016159929006634246,0.019993480946285145,0.33366086023614894
0.20400000000000001,1.0,0.0,0.00163605324369595,0.02012720407108462,0.3349918059190388
0.20500000000000002,1.0,0.0,0.0016562473062781775,0.02026091961467482,0.33632008969896227
0.20600000000000002,1.0,0.0,0.0016765750795410363,0.020394625006503696,0.3376457168945821
0.20700000000000002,1.0,0.0,0.0016970365520603626,0.02052831770688351,0.3389686928139856
0.20800000000000002,1.0,0.0,0.001717631709887604,0.02066199520667321,0.34028902275470485
0.209,1.0,0.0,0.0017383605365802102,0.020795655026963997,0.3416067120037373
0.21,1.0,0.0,0.0017592230132317073,0.020929294718768032,0.3429217658375663
0.211,1.0,0.0,0.0017802191185014664,0.021062911862710275,0.34423418952218127
0.212,1.0,0.0,0.0018013488286441625,0.021196504068723393,0.3455439883130983
0.213,1.0,0.0,0.0018226121175389306,0.02133006897574573,0.34685116745538036
0.214,1.0,0.0,0.001844008956718223,0.021463604251422325,0.34815573218365775
0.215,1.0,0.0,0.0018655393153963662,0.021597107591808877,0.34945768772214825
0.216,1.0,0.0,0.001887203160497826,0.02173057672107872,0.3507570392846774
0.217,1.0,0.0,0.001909000456685179,0.021864009391232713,0.3520537920746986
0.218,1.0,0.0,0.0019309311663867968,0.02199740338181205,0.35334795128531354
0.219,1.0,0.0,0.001952995249824244,0.02213075649961392,0.3546395220992921
0.22,1.0,0.0,0.0019751926650393927,0.02226406657841006,0.35592850968909256
0.221,1.0,0.0,0.001997523367921258,0.022397331478668073,0.3572149192168816
0.222,1.0,0.0,0.002019987312232555,0.022530549087275604,0.3584987558345544
0.223,1.0,0.0,0.002042584449635983,0.022663717317267216,0.35978002468375453
0.224,1.0,0.0,0.0020653147297202364,0.02279683410755405,0.36105873089589413
0.225,1.0,0.0,0.002088178100025748,0.02292989742265618,0.3623348795921736
0.226,1.0,0.0,0.0021111745060701636,0.023062905252437624,0.3636084758836015
0.227,1.0,0.0,0.002134303891373556,0.023195855611844077,0.3648795248710147
0.228,1.0,0.0,0.002157566197483376,0.023328746540643194,0.3661480316450979
0.229,1.0,0.0,0.002180961363999147,0.023461576103167542,0.3674140012864035
0.23,1.0,0.0,0.0022044893285969,0.023594342388060092,0.3686774388653714
0.231,1.0,0.0,0.0022281500270533595,0.023727043508022277,0.36993834944234877
0.232,1.0,0.0,0.0022519433932698765,0.023859677599564567,0.37119673806760956
0.233,1.0,0.0,0.002275869359296114,0.023992242822759562,0.3724526097813743
0.234,1.0,0.0,0.0022999278553534866,0.024124737360997548,0.37370596961382974
0.23500000000000001,1.0,0.0,0.0023241188098583583,0.024257159420744506,0.37495682258514834
0.23600000000000002,1.0,0.0,0.002348442149444995,0.02438950723130255,0.3762051737055078
0.23700000000000002,1.0,0.0,0.0023728977989882854,0.024521779044572773,0.3774510279751107
0.23800000000000002,1.0,0.0,0.0023974856816262203,0.02465397313482046,0.3786943903842039
0.23900000000000002,1.0,0.0,0.0024222057187821408,0.024786087798442668,0.37993526591309795
0.24,1.0,0.0,0.0024470578301867556,0.024918121353738137,0.3811736595321866
0.241,1.0,0.0,0.0024720419338999274,0.025050072140679513,0.3824095762019662
0.242,1.0,0.0,0.002497157946332234,0.025181938520687827,0.3836430208730548
0.243,1.0,0.0,0.0025224057822663074,0.025313718876409284,0.3848739984862118
0.244,1.0,0.0,0.0025477853548779433,0.025445411611494263,0.3861025139723569
0.245,1.0,0.0,0.0025732965757570003,0.025577015150378538,0.38732857225258965
0.246,1.0,0.0,0.002598939354928075,0.02570852793806669,0.3885521782382084
0.247,1.0,0.0,0.002624713600870964,0.025839948439917722,0.38977333683072973
0.248,1.0,0.0,0.0026506192205409105,0.025971275141432788,0.3909920529219073
0.249,1.0,0.0,0.0026766561193886425,0.026102506548045076,0.39220833139375116
0.25,1.0,0.0,0.0027028242013802015,0.026233641184911796,0.3934221771185467
0.251,1.0,0.0,0.002729123369016561,0.026364677596708262,0.3946335949588739
0.252,1.0,0.0,0.0027555535233530454,0.02649561434742402,0.395842589767626
0.253,1.0,0.0,0.0027821145640185394,0.026626450020161053,0.39704916638802873
0.254,1.0,0.0,0.0028088063892345045,0.026757183216933995,0.3982533296536592
0.255,1.0,0.0,0.00283562889583379,0.02688781255847236,0.39945508438846483
0.256,1.0,0.0,0.0028625819792792505,0.02701833668402474,0.400654435406782
0.257,1.0,0.0,0.0028896655336821675,0.027148754251165006,0.4018513875133551
0.258,1.0,0.0,0.0029168794518204793,0.027279063935600405,0.4030459455033553
0.259,1.0,0.0,0.0029442236251568197,0.027409264430981645,0.40423811416239935
0.26,1.0,0.0,0.0029716979438563647,0.027539354448714828,0.4054278982665681
0.261,1.0,0.0,0.0029993022968044986,0.027669332717775323,0.4066153025824255
0.262,1.0,0.0,0.0030270365716242873,0.027799197984523478,0.40780033186703707
0.263,1.0,0.0,0.0030549006546937737,0.0279289490125222,0.40898299086798856
0.264,1.0,0.0,0.00308289443116309,0.028058584582356355,0.41016328432340454
0.265,1.0,0.0,0.0031110177849713893,0.028188103491454005,0.4113412169619671
0.266,1.0,0.0,0.0031392705988636006,0.02831750455390942,0.41251679350293424
0.267,1.0,0.0,0.0031676527544070078,0.028446786600307875,0.41369001865615834
0.268,1.0,0.0,0.0031961641320076522,0.028575948477552227,0.4148608971221048
0.269,1.0,0.0,0.0032248046109265662,0.028704989048691208,0.41602943359187017
0.27,1.0,0.0,0.0032535740692958325,0.02883390719274946,0.417195632747201
0.271,1.0,0.0,0.0032824723841344754,0.02896270180455928,0.41835949926051175
0.272,1.0,0.0,0.0033114994313641873,0.029091371794594062,0.41952103779490335
0.273,1.0,0.0,0.003340655085824885,0.02921991608880339,0.42068025300418155
0.274,1.0,0.0,0.003369939221290105,0.029348333628449824,0.421837149532875
0.275,1.0,0.0,0.003399351710482235,0.029476623369947302,0.4229917320162536
0.276,1.0,0.0,0.0034288924250875864,0.029604784284701185,0.4241440050803467
0.277,1.0,0.0,0.003458561235771306,0.029732815358949893,0.4252939733419613
0.278,1.0,0.0,0.0034883580121921284,0.029860715593608166,0.4264416414086999
0.279,1.0,0.0,0.003518282623016978,0.029988484004111856,0.42758701387897907
0.28,1.0,0.0,0.0035483349359354105,0.030116119620264333,0.42873009534204715
0.281,1.0,0.0,0.003578514817673906,0.030243621486084397,0.42987089037800236
0.28200000000000003,1.0,0.0,0.003608822134010008,0.03037098865965574,0.4310094035578109
0.28300000000000003,1.0,0.0,0.003639256749786315,0.03049822021297793,0.4321456394433249
0.28400000000000003,1.0,0.0,0.0036698185289243193,0.030625315231818866,0.4332796025873002
0.28500000000000003,1.0,0.0,0.003700507334438106,0.030752272815568762,0.4344112975334144
0.28600000000000003,1.0,0.0,0.003731323028447901,0.03087909207709556,0.43554072881628475
0.28700000000000003,1.0,0.0,0.0037622654721934773,0.031005772142601827,0.4366679009614858
0.28800000000000003,1.0,0.0,0.003793334526047418,0.031132312151483085,0.4377928184855674
0.289,1.0,0.0,0.003824530049528241,0.031258711256187566,0.4389154858960724
0.29,1.0,0.0,0.00385585190131338,0.031384968622077375,0.4400359076915543
0.291,1.0,0.0,0.00388729993925203,0.03151108342729107,0.4411540883615952
0.292,1.0,0.0,0.0039188740203778575,0.03163705486260762,0.44227003238682305
0.293,1.0,0.0,0.00395057400092157,0.03176288213131171,0.4433837442389298
0.294,1.0,0.0,0.00398239973632336,0.03188856444906044,0.44449522838068856
0.295,1.0,0.0,0.004014351081245204,0.03201410104375136,0.4456044892659714
0.296,1.0,0.0,0.004046427889583046,0.032139491155391796,0.446711531339767
0.297,1.0,0.0,0.004078630014478835,0.03226473403596956,0.4478163590381978
0.298,1.0,0.0,0.004110957308332447,0.03238982894932491,0.44891897678853776
0.299,1.0,0.0,0.004143409622813471,0.03251477517102383,0.4500193890092299
0.3,1.0,0.0,0.004175986808872871,0.03263957198823256,0.45111760010990326
0.301,1.0,0.0,0.004208688716754527,0.03276421869959343,0.45221361449139075
0.302,1.0,0.0,0.004241515196006649,0.032888714615101934,0.4533074365457463
0.303,1.0,0.0,0.004274466095493066,0.03301305905598501,0.45439907065626206
0.304,1.0,0.0,0.004307541263404401,0.0331372513545806,0.455488521197486
0.305,1.0,0.0,0.004340740547269121,0.03326129085421838,0.4565757925352388
0.306,1.0,0.0,0.004374063793964467,0.033385176909101734,0.45766088902663127
0.307,1.0,0.0,0.0044075108497272746,0.03350890888419089,0.4587438150200816
0.308,1.0,0.0,0.004441081560164668,0.03363248615508725,0.4598245748553323
0.309,1.0,0.0,0.004474775770264646,0.033755908107918904,0.4609031728634675
0.31,1.0,0.0,0.00450859332440655,0.03387917413922724,0.46197961336692994
0.311,1.0,0.0,0.0045425340663714266,0.03400228365585477,0.4630539006795381
0.312,1.0,0.0,0.004576597839352266,0.034125236074834045,0.4641260391065032
0.313,1.0,0.0,0.004610784485964139,0.034248030823277736,0.4651960329444461
0.314,1.0,0.0,0.004645093848254228,0.03437066733826975,0.46626388648141454
0.315,1.0,0.0,0.004679525767711735,0.03449314506675753,0.4673296039968997
0.316,1.0,0.0,0.004714080085277701,0.03461546346544539,0.46839318976185335
0.317,1.0,0.0,0.004748756641354704,0.03473762200068893,0.4694546480387047
0.318,1.0,0.0,0.00478355527581646,0.03485962014839057,0.4705139830813771
0.319,1.0,0.0,0.004818475828017316,0.03498145739389607,0.471571199135305
0.32,1.0,0.0,0.004853518136801646,0.03510313323189214,0.4726263004374506
0.321,1.0,0.0,0.004888682040513137,0.035224647166305086,0.47367929121632063
0.322,1.0,0.0,0.004923967377003982,0.03534599871020044,0.4747301756919832
0.323,1.0,0.0,0.004959373983643967,0.03546718738568365,0.47577895807608434
0.324,1.0,0.0,0.004994901697329463,0.03558821272380178,0.4768256425718645
0.325,1.0,0.0,0.005030550354492316,0.03570907426444616,0.47787023337417545
0.326,1.0,0.0,0.005066319791108647,0.035829771556256045,0.47891273466949674
0.327,1.0,0.0,0.005102209842707551,0.03595030415652326,0.4799531506359523
0.328,1.0,0.0,0.005138220344379702,0.0360706716310978,0.48099148544332676
0.329,1.0,0.0,0.005174351130785861,0.036190873554294366,0.48202774325308234
0.33,1.0,0.0,0.005210602036165302,0.0363109095087999,0.4830619282183749
0.331,1.0,0.0,0.005246972894344129,0.036430779085581996,0.4840940444840706
0.332,1.0,0.0,0.005283463538743521,0.03655048188379827,0.4851240961867623
0.333,1.0,0.0,0.005320073802387868,0.03667001751070667,0.48615208745478566
0.334,1.0,0.0,0.005356803517912833,0.03678938558157662,0.487178022408236
0.335,1.0,0.0,0.005393652517573318,0.03690858571960116,0.48820190515898404
0.336,1.0,0.0,0.0054306206332513434,0.03702761755580989,0.4892237398106925
0.337,1.0,0.0,0.005467707696463841,0.037146480728982884,0.49024353045883234
0.338,1.0,0.0,0.0055049135383703615,0.037265174885565376,0.49126128119069884
0.339,1.0,0.0,0.0055422379897807,0.037383699679583396,0.49227699608542785
0.34,1.0,0.0,0.005579680881162432,0.037502054772560224,0.49329067921401193
0.341,1.0,0.0,0.0056172420426483715,0.0376202398334337,0.4943023346393165
0.342,1.0,0.0,0.005654921304043941,0.03773825453847435,0.49531196641609593
0.343,1.0,0.0,0.00569271849483447,0.03785609857120437,0.4963195785910095
0.34400000000000003,1.0,0.0,0.005730633444192399,0.03797377162231745,0.49732517520263764
0.34500000000000003,1.0,0.0,0.005768665980984416,0.03809127338959935,0.4983287602814977
0.34600000000000003,1.0,0.0,0.00580681593377851,0.03820860357784933,0.49933033785006004
0.34700000000000003,1.0,0.0,0.00584508313085094,0.03832576189880238,0.5003299119227639
0.34800000000000003,1.0,0.0,0.005883467400193138,0.03844274807105219,0.5013274865060334
0.34900000000000003,1.0,0.0,0.0059219685695185275,0.03855956181997499,0.5023230655982935
0.35000000000000003,1.0,0.0,0.005960586466269267,0.03867620287765406,0.5033166531899856
0.35100000000000003,1.0,0.0,0.005999320917622919,0.03879267098280509,0.5043082532635834
0.352,1.0,0.0,0.006038171750499053,0.03890896588070225,0.5052978697936089
0.353,1.0,0.0,0.006077138791565755,0.03902508732310504,0.506285506746648
0.354,1.0,0.0,0.0061162218672460855,0.03914103506818587,0.5072711680813661
0.355,1.0,0.0,0.006155420803724454,0.03925680888045835,0.5082548577485242
0.356,1.0,0.0,0.006194735426952925,0.03937240853070638,0.5092365796909941
0.357,1.0,0.0,0.006234165562657453,0.03948783379591388,0.5102163378437745
0.358,1.0,0.0,0.0062737110363440445,0.03960308445919532,0.5111941361340061
0.359,1.0,0.0,0.0063133716733048606,0.03971816030972683,0.5121699784809876
0.36,1.0,0.0,0.00635314729862424,0.03983306114267818,0.5131438687961909
0.361,1.0,0.0,0.006393037737184658,0.039947786759145294,0.5141158109832771
0.362,1.0,0.0,0.006433042813672623,0.040062336966083564,0.5150858089381115
0.363,1.0,0.0,0.006473162352584501,0.04017671157624177,0.5160538665487793
0.364,1.0,0.0,0.006513396178232276,0.04029091040809673,0.517019987695601
0.365,1.0,0.0,0.006553744114749244,0.040404933285788536,0.5179841762511477
0.366,1.0,0.0,0.00659420598609565,0.040518780039056554,0.5189464360802566
0.367,1.0,0.0,0.0066347816160642475,0.040632450503176,0.5199067710400465
0.368,1.0,0.0,0.006675470828285809,0.04074594451889518,0.5208651849799325
0.369,1.0,0.0,0.006716273446234565,0.04085926193237339,0.521821681741642
0.37,1.0,0.0,0.006757189293233586,0.0409724025951194,0.5227762651592296
0.371,1.0,0.0,0.006798218192460101,0.04108536636393066,0.5237289390590922
0.372,1.0,0.0,0.0068393599669507536,0.041198153100833,0.5246797072599847
0.373,1.0,0.0,0.006880614439606805,0.041310762673021056,0.5256285735730345
0.374,1.0,0.0,0.00692198143319927,0.04142319495279922,0.526575541801757
0.375,1.0,0.0,0.006963460770373997,0.041535449817523266,0.5275206157420709
0.376,1.0,0.0,0.007005052273656692,0.041647527149542514,0.5284637991823128
0.377,1.0,0.0,0.007046755765457887,0.04175942683614262,0.5294050959032527
0.378,1.0,0.0,0.00708857106807784,0.04187114876948893,0.5303445096781086
0.379,1.0,0.0,0.007130498003711391,0.04198269284657041,0.531282044272562
0.38,1.0,0.0,0.00717253639445276,0.04209405896914419,0.5322177034447723
0.381,1.0,0.0,0.007214686062300282,0.0422052470436806,0.533151490945392
0.382,1.0,0.0,0.007256946829161099,0.04231625698130884,0.534083410517582
0.383,1.0,0.0,0.007299318516855791,0.042427088697763175,0.5350134658970257
0.384,1.0,0.0,0.007341800947122947,0.04253774211332966,0.5359416608119443
0.385,1.0,0.0,0.0073843939416236995,0.04264821715279347,0.5368679989831117
0.386,1.0,0.0,0.007427097321946195,0.04275851374538668,0.5377924841238689
0.387,1.0,0.0,0.007469910909610011,0.04286863182473668,0.5387151199401393
0.388,1.0,0.0,0.00751283452607053,0.04297857132881503,0.5396359101304431
0.389,1.0,0.0,0.007555867992723258,0.04308833219988689,0.5405548583859118
0.39,1.0,0.0,0.007599011130908091,0.04319791438446096,0.5414719683903033
0.391,1.0,0.0,0.007642263761913535,0.043307317833239906,0.5423872438200165
0.392,1.0,0.0,0.0076856257069808755,0.04341654250107135,0.5433006883441055
0.393,1.0,0.0,0.007729096787308298,0.04352558834689927,0.5442123056242947
0.394,1.0,0.0,0.007772676824054959,0.043634455333716016,0.545122099314993
0.395,1.0,0.0,0.007816365638345014,0.04374314342851472,0.5460300730633088
0.396,1.0,0.0,0.007860163051271591,0.04385165260224223,0.5469362305090637
0.397,1.0,0.0,0.00790406888390072,0.04395998282975256,0.5478405752848079
0.398,1.0,0.0,0.007948082957275221,0.044068134089760735,0.5487431110158341
0.399,1.0,0.0,0.007992205092418544,0.04417610636479719,0.5496438413201918
0.4,1.0,0.0,0.008036435110338554,0.04428389964116262,0.5505427698087024
0.401,1.0,0.0,0.008080772832031284,0.04439151390888323,0.5514399000849728
0.402,1.0,0.0,0.008125218078484637,0.04449894916166656,0.5523352357454101
0.403,1.0,0.0,0.008169770670682048,0.04460620539685763,0.5532287803792358
0.404,1.0,0.0,0.008214430429606097,0.04471328261539567,0.5541205375685003
0.405,1.0,0.0,0.008259197176242081,0.04482018082177117,0.5550105108880969
0.406,1.0,0.0,0.008304070731581547,0.044926900023983474,0.5558987039057762
0.40700000000000003,1.0,0.0,0.008349050916625779,0.04503344023349874,0.5567851201821602
0.40800000000000003,1.0,0.0,0.008394137552389241,0.045139801465208365,0.5576697632707565
0.40900000000000003,1.0,0.0,0.008439330459902986,0.04524598373738784,0.5585526367179724
0.41000000000000003,1.0,0.0,0.008484629460218013,0.04535198707165601,0.5594337440631293
0.41100000000000003,1.0,0.0,0.0085300343744086,0.04545781149293478,0.5603130888384762
0.41200000000000003,1.0,0.0,0.00857554502357558,0.04556345702940918,0.5611906745692045
0.41300000000000003,1.0,0.0,0.008621161228849586,0.04566892371248793,0.5620665047734614
0.41400000000000003,1.0,0.0,0.008666882811394255,0.045774211576764326,0.5629405829623644
0.41500000000000004,1.0,0.0,0.008712709592409393,0.04587932065997759,0.5638129126400149
0.41600000000000004,1.0,0.0,0.008758641393134104,0.04598425100297456,0.5646834973035122
0.417,1.0,0.0,0.008804678034849876,0.046089002649671855,0.5655523404429679
0.418,1.0,0.0,0.008850819338883632,0.04619357564701834,0.5664194455415191
0.419,1.0,0.0,0.008897065126610745,0.04629797004495805,0.567284816075343
0.42,1.0,0.0,0.008943415219458016,0.04640218589639345,0.5681484555136699
0.421,1.0,0.0,0.008989869438906608,0.046506223257149114,0.5690103673187977
0.422,1.0,0.0,0.00903642760649496,0.04661008218593574,0.5698705549461057
0.423,1.0,0.0,0.009083089543821646,0.046713762744314574,0.5707290218440678
0.424,1.0,0.0,0.009129855072548217,0.04681726499666215,0.5715857714542668
0.425,1.0,0.0,0.009176724014401984,0.046920589010135474,0.5724408072114078
0.426,1.0,0.0,0.0092236961911788,0.04702373485463747,0.573294132543332
0.427,1.0,0.0,0.009270771424745777,0.04712670260278288,0.5741457508710303
0.428,1.0,0.0,0.009317949537043983,0.04722949232986444,0.5749956656086571
0.429,1.0,0.0,0.009365230350091104,0.047332104113819454,0.5758438801635438
0.43,1.0,0.0,0.00941261368598407,0.04743453803519669,0.5766903979362122
0.431,1.0,0.0,0.009460099366901654,0.047536794177123635,0.5775352223203883
0.432,1.0,0.0,0.009507687215107034,0.04763887262527409,0.5783783567030159
0.433,1.0,0.0,0.009555377052950315,0.04774077346783604,0.5792198044642695
0.434,1.0,0.0,0.00960316870287104,0.04784249679547999,0.5800595689775687
0.435,1.0,0.0,0.00965106198740065,0.04794404270132748,0.580897653609591
0.436,1.0,0.0,0.009699056729164917,0.04804541128092003,0.5817340617202853
0.437,1.0,0.0,0.009747152750886357,0.04814660263218837,0.5825687966628854
0.438,1.0,0.0,0.009795349875386591,0.04824761685542196,0.5834018617839235
0.439,1.0,0.0,0.009843647925588703,0.04834845405323892,0.5842332604232433
0.44,1.0,0.0,0.009892046724519545,0.048449114330556146,0.5850629959140135
0.441,1.0,0.0,0.00994054609531202,0.04854959779455985,0.5858910715827407
0.442,1.0,0.0,0.009989145861207345,0.04864990455467632,0.5867174907492834
0.443,1.0,0.0,0.010037845845557267,0.04875003472254305,0.5875422567268646
0.444,1.0,0.0,0.010086645871826266,0.04884998841198015,0.588365372822085
0.445,1.0,0.0,0.010135545763593719,0.04894976573896199,0.5891868423349369
0.446,1.0,0.0,0.010184545344556048,0.04904936682158927,0.5900066685588166
0.447,1.0,0.0,0.010233644438528824,0.04914879178006127,0.5908248547805376
0.448,1.0,0.0,0.010282842869448855,0.0492480407366484,0.5916414042803444
0.449,1.0,0.0,0.010332140461376245,0.04934711381566512,0.5924563203319247
0.45,1.0,0.0,0.01038153703849642,0.04944601114344301,0.5932696062024231
0.451,1.0,0.0,0.010431032425122137,0.04954473284830429,0.5940812651524536
0.452,1.0,0.0,0.010480626445695463,0.04964327906053543,0.5948913004361134
0.453,1.0,0.0,0.010530318924789719,0.049741649912361185,0.5956997153009949
0.454,1.0,0.0,0.01058010968711141,0.049839845537918814,0.5965065129881993
0.455,1.0,0.0,0.010629998557502122,0.04993786607323261,0.5973116967323497
0.456,1.0,0.0,0.010679985360940404,0.0500357116561887,0.5981152697616032
0.457,1.0,0.0,0.010730069922543604,0.05013338242651003,0.5989172352976645
0.458,1.0,0.0,0.010780252067569706,0.05023087852573178,0.5997175965557985
0.459,1.0,0.0,0.010830531621419124,0.05032820009717682,0.600516356744843
0.46,1.0,0.0,0.010880908409636477,0.05042534728593161,0.6013135190672221
0.461,1.0,0.0,0.010931382257912348,0.05052232023882222,0.602109086718958
0.462,1.0,0.0,0.010981952992084999,0.05061911910439073,0.6029030628896845
0.463,1.0,0.0,0.011032620438142083,0.05071574403287173,0.6036954507626597
0.464,1.0,0.0,0.01108338442222233,0.050812195176169195,0.6044862535147784
0.465,1.0,0.0,0.011134244770617193,0.0509084726878335,0.6052754743165846
0.466,1.0,0.0,0.011185201309772495,0.05100457672303877,0.6060631163322849
0.467,1.0,0.0,0.01123625386629003,0.051100507438560414,0.6068491827197607
0.468,1.0,0.0,0.011287402266929158,0.05119626499275288,0.6076336766305805
0.46900000000000003,1.0,0.0,0.01133864633860838,0.051291849545527686,0.608416601210013
0.47000000000000003,1.0,0.0,0.011389985908406874,0.05138726125833168,0.6091979595970392
0.47100000000000003,1.0,0.0,0.011441420803566024,0.051482500294125495,0.6099777549243653
0.47200000000000003,1.0,0.0,0.011492950851490923,0.05157756681736224,0.6107559903184354
0.47300000000000003,1.0,0.0,0.011544575879751854,0.05167246099396644,0.6115326688994432
0.47400000000000003,1.0,0.0,0.011596295716085754,0.05176718299131318,0.6123077937813451
0.47500000000000003,1.0,0.0,0.011648110188397648,0.051861732978207474,0.6130813680718725
0.47600000000000003,1.0,0.0,0.011700019124762076,0.05195611112486384,0.613853394872544
0.47700000000000004,1.0,0.0,0.011752022353424485,0.05205031760288611,0.6146238772786781
0.47800000000000004,1.0,0.0,0.011804119702802615,0.052144352585247425,0.6153928183794053
0.47900000000000004,1.0,0.0,0.011856311001487855,0.052238216246270494,0.6161602212576807
0.48,1.0,0.0,0.011908596078246582,0.05233190876160799,0.616926088990296
0.481,1.0,0.0,0.011960974762021483,0.052425430308223206,0.617690424647892
0.482,1.0,0.0,0.01201344688193286,0.052518781064370905,0.618453231294971
0.483,1.0,0.0,0.0120660122672799,0.05261196120957835,0.6192145119899084
0.484,1.0,0.0,0.012118670747541952,0.052704970924626594,0.6199742697849657
0.485,1.0,0.0,0.012171422152379761,0.052797810391531856,0.6207325077263023
0.486,1.0,0.0,0.0122242663116367,0.052890479793527234,0.6214892288539876
0.487,1.0,0.0,0.012277203055339978,0.05298297931504452,0.6222444362020134
0.488,1.0,0.0,0.012330232213701824,0.05307530914169621,0.622998132798306
0.489,1.0,0.0,0.012383353617120663,0.053167469460257744,0.6237503216647378
0.49,1.0,0.0,0.012436567096182271,0.05325946045864994,0.62450100581714
0.491,1.0,0.0,0.012489872481660912,0.05335128232592154,0.6252501882653144
0.492,1.0,0.0,0.01254326960452045,0.053442935252232045,0.6259978720130455
0.493,1.0,0.0,0.012596758295915464,0.05353441942883465,0.6267440600581121
0.494,1.0,0.0,0.012650338387192317,0.05362573504805939,0.6274887553923001
0.495,1.0,0.0,0.012704009709890243,0.053716882303296506,0.6282319610014134
0.496,1.0,0.0,0.012757772095742383,0.053807861388979895,0.6289736798652868
0.497,1.0,0.0,0.012811625376676829,0.05389867250057084,0.6297139149577974
0.498,1.0,0.0,0.012865569384817642,0.05398931583454184,0.6304526692468764
0.499,1.0,0.0,0.012919603952485852,0.05407979158836063,0.6311899456945212
0.5,1.0,0.0,0.012973728912200451,0.05417009996047441,0.6319257472568075
0.501,1.0,0.0,0.013027944096679359,0.054260241150294174,0.6326600768839002
0.502,1.0,0.0,0.013082249338840383,0.0543502153581793,0.6333929375200663
0.503,1.0,0.0,0.013136644471802161,0.05444002278542218,0.6341243321036858
0.504,1.0,0.0,0.013191129328885077,0.05452966363423315,0.6348542635672639
0.505,1.0,0.0,0.01324570374361218,0.05461913810772547,0.6355827348374428
0.506,1.0,0.0,0.01330036754971008,0.05470844640990054,0.6363097488350127
0.507,1.0,0.0,0.013355120581109827,0.05479758874563323,0.6370353084749244
0.508,1.0,0.0,0.013409962671947771,0.054886565320657395,0.6377594166663004
0.509,1.0,0.0,0.013464893656566425,0.05497537634155153,0.6384820763124468
0.51,1.0,0.0,0.013519913369515293,0.05506402201572458,0.6392032903108644
0.511,1.0,0.0,0.013575021645551702,0.0551525025514019,0.639923061553261
0.512,1.0,0.0,0.013630218319641601,0.05524081815761141,0.6406413929255622
0.513,1.0,0.0,0.013685503226960367,0.055328969044169805,0.6413582873079238
0.514,1.0,0.0,0.013740876202893581,0.05541695542166902,0.6420737475747424
0.515,1.0,0.0,0.013796337083037798,0.05550477750146278,0.6427877765946678
0.516,1.0,0.0,0.013851885703201299,0.05559243549565327,0.6435003772306136
0.517,1.0,0.0,0.013907521899404843,0.05567992961707804,0.6442115523397691
0.518,1.0,0.0,0.013963245507882381,0.055767260079296964,0.644921304773611
0.519,1.0,0.0,0.014019056365081786,0.055854427096579395,0.6456296373779141
0.52,1.0,0.0,0.014074954307665545,0.055941430883891426,0.6463365529927633
0.521,1.0,0.0,0.014130939172511455,0.05602827165688328,0.6470420544525645
0.522,1.0,0.0,0.014187010796713305,0.05611494963187691,0.6477461445860562
0.523,1.0,0.0,0.01424316901758153,0.05620146502585363,0.6484488262163208
0.524,1.0,0.0,0.014299413672643875,0.05628781805644197,0.649150102160796
0.525,1.0,0.0,0.014355744599646033,0.056374008941905605,0.6498499752312856
0.526,1.0,0.0,0.014412161636552269,0.05646003790113142,0.6505484482339712
0.527,1.0,0.0,0.014468664621546045,0.05654590515361776,0.6512455239694231
0.528,1.0,0.0,0.014525253393030619,0.05663161091946274,0.651941205232612
0.529,1.0,0.0,0.014581927789629646,0.05671715541935273,0.6526354948129195
0.53,1.0,0.0,0.014638687650187755,0.056802538874550924,0.6533283954941498
0.531,1.0,0.0,0.014695532813771122,0.05688776150688606,0.6540199100545405
0.532,1.0,0.0,0.01475246311966803,0.05697282353874128,0.654710041266774
0.533,1.0,0.0,0.014809478407389417,0.05705772519304307,0.6553987918979883
0.534,1.0,0.0,0.014866578516669414,0.057142466693250356,0.6560861647097883
0.535,1.0,0.0,0.014923763287465875,0.05722704826334369,0.6567721624582565
0.536,1.0,0.0,0.01498103255996089,0.057311470127814595,0.6574567878939646
0.537,1.0,0.0,0.01503838617456129,0.05739573251165498,0.6581400437619838
0.538,1.0,0.0,0.015095823971899146,0.057479835640346706,0.6588219328018965
0.539,1.0,0.0,0.015153345792832252,0.057563779739851245,0.6595024577478067
0.54,1.0,0.0,0.015210951478444593,0.05764756503659947,0.6601816213283512
0.541,1.0,0.0,0.015268640870046825,0.05773119175748155,0.6608594262667105
0.542,1.0,0.0,0.015326413809176712,0.057814660129836964,0.6615358752806193
0.543,1.0,0.0,0.01538427013759958,0.05789797038144459,0.6622109710823783
0.544,1.0,0.0,0.01544220969730875,0.057981122740512966,0.6628847163788639
0.545,1.0,0.0,0.015500232330525965,0.058064117435670595,0.66355711387154
0.546,1.0,0.0,0.015558337879701798,0.0581469546959564,0.6642281662564683
0.547,1.0,0.0,0.015616526187516064,0.05822963475081026,0.6648978762243191
0.548,1.0,0.0,0.015674797096878215,0.05831215783006367,0.665566246460382
0.549,1.0,0.0,0.015733150450927724,0.058394524163930504,0.6662332796445771
0.55,1.0,0.0,0.01579158609303447,0.05847673398299787,0.6668989784514654
0.551,1.0,0.0,0.0158501038667991,0.05855878751821704,0.6675633455502592
0.552,1.0,0.0,0.015908703616053385,0.058640685000894546,0.6682263836048334
0.553,1.0,0.0,0.015967385184860586,0.05872242666268331,0.6688880952737357
0.554,1.0,0.0,0.016026148417515783,0.05880401273557395,0.6695484832101974
0.555,1.0,0.0,0.016084993158546206,0.05888544345188607,0.6702075500621442
0.556,1.0,0.0,0.01614391925271157,0.05896671904425977,0.6708652984722061
0.557,1.0,0.0,0.01620292654500439,0.05904783974564715,0.6715217310777291
0.558,1.0,0.0,0.016262014880650284,0.05912880578930398,0.6721768505107847
0.559,1.0,0.0,0.01632118410510827,0.05920961740878144,0.672830659398181
0.56,1.0,0.0,0.016380434064071064,0.059290274837917906,0.6734831603614729
0.561,1.0,0.0,0.01643976460346536,0.05937077831083093,0.6741343560169731
0.562,1.0,0.0,0.016499175569452112,0.0594511280619092,0.6747842489757618
0.5630000000000001,1.0,0.0,0.01655866680842678,0.05953132432580468,0.675432841843698
0.5640000000000001,1.0,0.0,0.01661823816701962,0.05961136733742477,0.6760801372214291
0.5650000000000001,1.0,0.0,0.016677889492095917,0.0596912573319246,0.676726137704402
0.5660000000000001,1.0,0.0,0.016737620630756227,0.05977099454469941,0.6773708458828731
0.5670000000000001,1.0,0.0,0.016797431430336615,0.05985057921137696,0.6780142643419187
0.5680000000000001,1.0,0.0,0.016857321738408895,0.059930011567810096,0.6786563956614454
0.5690000000000001,1.0,0.0,0.01691729140278084,0.06000929185006938,0.6792972424162005
0.5700000000000001,1.0,0.0,0.0169773402714964,0.06008842029443577,0.6799368071757822
0.5710000000000001,1.0,0.0,0.017037468192835904,0.06016739713739343,0.68057509250465
0.5720000000000001,1.0,0.0,0.017097675015316272,0.060246222615622576,0.6812121009621347
0.5730000000000001,1.0,0.0,0.017157960587691194,0.060324896965992456,0.6818478351024491
0.5740000000000001,1.0,0.0,0.01721832475895132,0.06040342042555437,0.6824822974746976
0.5750000000000001,1.0,0.0,0.017278767378324438,0.060481793231534756,0.6831154906228869
0.5760000000000001,1.0,0.0,0.017339288295275652,0.06056001562132843,0.6837474170859362
0.577,1.0,0.0,0.017399887359507548,0.060638087832491805,0.684378079397687
0.578,1.0,0.0,0.017460564420960327,0.06071601010273626,0.6850074800869135
0.579,1.0,0.0,0.017521319329811998,0.06079378266992157,0.6856356216773325
0.58,1.0,0.0,0.017582151936478482,0.06087140577204937,0.6862625066876139
0.581,1.0,0.0,0.017643062091613787,0.06094887964725677,0.6868881376313903
0.582,1.0,0.0,0.01770404964611011,0.06102620453380997,0.6875125170172676
0.583,1.0,0.0,0.017765114451097984,0.06110338067009796,0.6881356473488344
0.584,1.0,0.0,0.017826256357946386,0.06118040829462637,0.6887575311246726
0.585,1.0,0.0,0.017887475218262852,0.06125728764601128,0.6893781708383672
0.586,1.0,0.0,0.017948770883893597,0.06133401896297317,0.6899975689785159
0.587,1.0,0.0,0.018010143206923592,0.061410602484330945,0.6906157280287398
0.588,1.0,0.0,0.018071592039676686,0.06148703844899597,0.6912326504676928
0.589,1.0,0.0,0.01813311723471568,0.061563327095966264,0.6918483387690716
0.59,1.0,0.0,0.01819471864484241,0.061639468664320636,0.6924627954016257
0.591,1.0,0.0,0.01825639612309783,0.06171546339321304,0.6930760228291674
0.592,1.0,0.0,0.01831814952276209,0.061791311521866864,0.6936880235105813
0.593,1.0,0.0,0.018379978697354582,0.06186701328956938,0.6942987998998347
0.594,1.0,0.0,0.018441883500634023,0.061942568935666194,0.6949083544459866
0.595,1.0,0.0,0.018503863786598507,0.0620179786995558,0.6955166895931985
0.596,1.0,0.0,0.018565919409485546,0.06209324282068417,0.6961238077807432
0.597,1.0,0.0,0.01862805022377212,0.06216836153853947,0.6967297114430155
0.598,1.0,0.0,0.01869025608417471,0.062243335092646714,0.6973344030095412
0.599,1.0,0.0,0.01875253684564935,0.06231816372256262,0.6979378849049872
0.6,1.0,0.0,0.018814892363391632,0.06239284766787043,0.698540159549171
0.601,1.0,0.0,0.018877322492836756,0.062467387168174855,0.6991412293570709
0.602,1.0,0.0,0.018939827089659522,0.06254178246309702,0.6997410967388348
0.603,1.0,0.0,0.019002406009774365,0.06261603379226953,0.7003397640997906
0.604,1.0,0.0,0.019065059109335356,0.06269014139533154,0.7009372338404556
0.605,1.0,0.0,0.019127786244736204,0.0627641055119239,0.7015335083565459
0.606,1.0,0.0,0.01919058727261026,0.06283792638168442,0.7021285900389863
0.607,1.0,0.0,0.019253462049830507,0.06291160424424308,0.7027224812739197
0.608,1.0,0.0,0.01931641043350955,0.06298513933921736,0.7033151844427167
0.609,1.0,0.0,0.019379432280999614,0.06305853190620765,0.7039067019219851
0.61,1.0,0.0,0.0194425274498925,0.06313178218479268,0.7044970360835795
0.611,1.0,0.0,0.01950569579801958,0.06320489041452498,0.7050861892946108
0.612,1.0,0.0,0.019568937183451773,0.06327785683492648,0.7056741639174553
0.613,1.0,0.0,0.019632251464499484,0.06335068168548404,0.706260962309765
0.614,1.0,0.0,0.019695638499712606,0.06342336520564515,0.7068465868244761
0.615,1.0,0.0,0.019759098147880443,0.06349590763481364,0.707431039809819
0.616,1.0,0.0,0.019822630268031688,0.0635683092123454,0.7080143236093276
0.617,1.0,0.0,0.01988623471943436,0.06364057017754421,0.7085964405618486
0.618,1.0,0.0,0.019949911361595747,0.0637126907696576,0.7091773930015508
0.619,1.0,0.0,0.02001366005426237,0.06378467122787276,0.7097571832579347
0.62,1.0,0.0,0.020077480657419898,0.06385651179131248,0.7103358136558415
0.621,1.0,0.0,0.020141373031293087,0.0639282126990312,0.7109132865154628
0.622,1.0,0.0,0.020205337036345715,0.06399977419001103,0.7114896041523496
0.623,1.0,0.0,0.020269372533280497,0.06407119650315789,0.7120647688774215
0.624,1.0,0.0,0.020333479383039026,0.06414247987729761,0.7126387829969764
0.625,1.0,0.0,0.02039765744680167,0.0642136245511722,0.713211648812699
0.626,1.0,0.0,0.0204619065859875,0.06428463076343606,0.713783368621671
0.627,1.0,0.0,0.02052622666225419,0.06435549875265227,0.7143539447163795
0.628,1.0,0.0,0.020590617537497944,0.06442622875728896,0.7149233793847262
0.629,1.0,0.0,0.020655079073853364,0.06449682101571566,0.7154916749100372
0.63,1.0,0.0,0.020719611133693392,0.06456727576619979,0.7160588335710716
0.631,1.0,0.0,0.02078421357962917,0.06463759324690309,0.7166248576420308
0.632,1.0,0.0,0.020848886274509953,0.06470777369587812,0.7171897493925674
0.633,1.0,0.0,0.020913629081422996,0.06477781735106489,0.7177535110877948
0.634,1.0,0.0,0.02097844186369343,0.06484772445028741,0.7183161449882958
0.635,1.0,0.0,0.021043324484884152,0.0649174952312504,0.7188776533501315
0.636,1.0,0.0,0.021108276808795706,0.06498712993153592,0.7194380384248512
0.637,1.0,0.0,0.021173298699466152,0.06505662878860013,0.7199973024595004
0.638,1.0,0.0,0.021238390021170943,0.0651259920397701,0.7205554476966306
0.639,1.0,0.0,0.02130355063842279,0.06519521992224055,0.7211124763743076
0.64,1.0,0.0,0.021368780415971542,0.06526431267307078,0.7216683907261212
0.641,1.0,0.0,0.021434079218804025,0.06533327052918156,0.7222231929811933
0.642,1.0,0.0,0.021499446912143925,0.06540209372735202,0.7227768853641876
0.643,1.0,0.0,0.02156488336145163,0.06547078250421666,0.7233294700953181
0.644,1.0,0.0,0.021630388432424087,0.06553933709626239,0.7238809493903581
0.645,1.0,0.0,0.021695961990994658,0.06560775773982552,0.7244313254606489
0.646,1.0,0.0,0.02176160390333297,0.06567604467108894,0.7249806005131091
0.647,1.0,0.0,0.021827314035844744,0.06574419812607914,0.725528776750243
0.648,1.0,0.0,0.021893092255171658,0.06581221834066348,0.7260758563701495
0.649,1.0,0.0,0.021958938428191167,0.06588010555054735,0.7266218415665311
0.65,1.0,0.0,0.022024852422016364,0.06594785999127142,0.7271667345287025
0.651,1.0,0.0,0.022090834103995784,0.06601548189820888,0.7277105374415996
0.652,1.0,0.0,0.022156883341713257,0.06608297150656284,0.728253252485788
0.653,1.0,0.0,0.022223000002987728,0.06615032905136356,0.7287948818374717
0.654,1.0,0.0,0.022289183955873086,0.06621755476746596,0.729335427668502
0.655,1.0,0.0,0.02235543506865799,0.06628464888954695,0.7298748921463863
0.656,1.0,0.0,0.022421753209865673,0.0663516116521029,0.7304132774342966
0.657,1.0,0.0,0.02248813824825379,0.06641844328944717,0.730950585691078
0.658,1.0,0.0,0.022554590052814207,0.06648514403570754,0.7314868190712577
0.659,1.0,0.0,0.022621108492772827,0.0665517141248239,0.7320219797250535
0.66,1.0,0.0,0.022687693437589394,0.06661815379054568,0.7325560697983823
0.661,1.0,0.0,0.02275434475695731,0.06668446326642961,0.7330890914328688
0.662,1.0,0.0,0.02282106232080343,0.06675064278583727,0.7336210467658542
0.663,1.0,0.0,0.02288784599928788,0.06681669258193282,0.7341519379304043
0.664,1.0,0.0,0.022954695662803844,0.06688261288768073,0.7346817670553188
0.665,1.0,0.0,0.02302161118197738,0.06694840393584346,0.7352105362651392
0.666,1.0,0.0,0.02308859242766719,0.06701406595897932,0.7357382476801575
0.667,1.0,0.0,0.023155639270964447,0.06707959918944022,0.7362649034164247
0.668,1.0,0.0,0.023222751583192563,0.06714500385936951,0.7367905055857592
0.669,1.0,0.0,0.02328992923590699,0.06721028020069993,0.7373150562957557
0.67,1.0,0.0,0.023357172100895007,0.06727542844515133,0.7378385576497928
0.671,1.0,0.0,0.023424480050175504,0.06734044882422882,0.7383610117470423
0.672,1.0,0.0,0.023491852955998767,0.06740534156922055,0.738882420682477
0.673,1.0,0.0,0.02355929069084627,0.06747010691119576,0.7394027865468795
0.674,1.0,0.0,0.023626793127430434,0.06753474508100282,0.7399221114268504
0.675,1.0,0.0,0.023694360138694425,0.06759925630926723,0.7404403974048165
0.676,1.0,0.0,0.02376199159781192,0.06766364082638969,0.7409576465590393
0.677,1.0,0.0,0.023829687378186883,0.06772789886254423,0.7414738609636236
0.678,1.0,0.0,0.023897447353453338,0.06779203064767625,0.7419890426885251
0.679,1.0,0.0,0.02396527139747514,0.06785603641150083,0.7425031937995595
0.68,1.0,0.0,0.024033159384345738,0.06791991638350073,0.7430163163584104
0.681,1.0,0.0,0.024101111188387953,0.0679836707929247,0.7435284124226373
0.682,1.0,0.0,0.024169126684153736,0.06804729986878567,0.7440394840456844
0.683,1.0,0.0,0.02423720574642393,0.06811080383985904,0.7445495332768884
0.684,1.0,0.0,0.02430534825020804,0.06817418293468092,0.7450585621614869
0.685,1.0,0.0,0.024373554070743975,0.06823743738154645,0.7455665727406264
0.686,1.0,0.0,0.02444182308349783,0.06830056740850814,0.7460735670513708
0.687,1.0,0.0,0.02451015516416363,0.06836357324337422,0.7465795471267095
0.6880000000000001,1.0,0.0,0.024578550188663072,0.06842645511370704,0.747084514995565
0.6890000000000001,1.0,0.0,0.024647008033145304,0.06848921324682142,0.747588472682802
0.6900000000000001,1.0,0.0,0.024715528573986664,0.06855184786978315,0.7480914222092346
0.6910000000000001,1.0,0.0,0.024784111687790423,0.06861435920940737,0.7485933655916349
0.6920000000000001,1.0,0.0,0.024852757251386554,0.06867674749225709,0.749094304842741
0.6930000000000001,1.0,0.0,0.024921465141831453,0.06873901294464173,0.7495942419712649
0.6940000000000001,1.0,0.0,0.024990235236407705,0.06880115579261553,0.7500931789819008
0.6950000000000001,1.0,0.0,0.025059067412623818,0.0688631762619762,0.7505911178753328
0.6960000000000001,1.0,0.0,0.02512796154821397,0.06892507457826343,0.7510880606482436
0.6970000000000001,1.0,0.0,0.02519691752113775,0.06898685096675747,0.7515840092933215
0.6980000000000001,1.0,0.0,0.025265935209579895,0.0690485056524778,0.752078965799269
0.6990000000000001,1.0,0.0,0.025335014491950036,0.06911003886018172,0.752572932150811
0.7000000000000001,1.0,0.0,0.02540415524688242,0.06917145081436299,0.7530659103287021
0.7010000000000001,1.0,0.0,0.02547335735323566,0.06923274173925056,0.753557902309735
0.7020000000000001,1.0,0.0,0.025542620690092475,0.06929391185880723,0.7540489100667482
0.7030000000000001,1.0,0.0,0.025611945136759396,0.06935496139672835,0.7545389355686343
0.704,1.0,0.0,0.025681330572766527,0.0694158905764406,0.755027980780347
0.705,1.0,0.0,0.02575077687786726,0.0694766996211007,0.7555160476629101
0.706,1.0,0.0,0.02582028393203801,0.06953738875359428,0.7560031381734247
0.707,1.0,0.0,0.02588985161547793,0.06959795819653457,0.7564892542650768
0.708,1.0,0.0,0.025959479808608674,0.06965840817226127,0.756974397887146
0.709,1.0,0.0,0.026029168392074073,0.0697187389028394,0.7574585709850125
0.71,1.0,0.0,0.026098917246739902,0.06977895061005815,0.7579417755001652
0.711,1.0,0.0,0.026168726253693576,0.0698390435154297,0.7584240133702095
0.712,1.0,0.0,0.02623859529424389,0.06989901784018822,0.7589052865288751
0.713,1.0,0.0,0.026308524249920733,0.0699588738052887,0.7593855969060237
0.714,1.0,0.0,0.026378513002474808,0.07001861163140594,0.7598649464276567
0.715,1.0,0.0,0.02644856143387735,0.07007823153893342,0.7603433370159228
0.716,1.0,0.0,0.02651866942631985,0.07013773374798236,0.7608207705891261
0.717,1.0,0.0,0.026588836862213767,0.07019711847838067,0.7612972490617333
0.718,1.0,0.0,0.02665906362419024,0.07025638594967193,0.7617727743443817
0.719,1.0,0.0,0.026729349595099827,0.07031553638111444,0.7622473483438869
0.72,1.0,0.0,0.02679969465801218,0.07037456999168029,0.7627209729632498
0.721,1.0,0.0,0.02687009869621579,0.07043348700005433,0.7631936501016654
0.722,1.0,0.0,0.02694056159321769,0.07049228762463335,0.7636653816545294
0.723,1.0,0.0,0.02701108323274316,0.07055097208352505,0.764136169513446
0.724,1.0,0.0,0.02708166349873545,0.07060954059454727,0.7646060155662359
0.725,1.0,0.0,0.027152302275355474,0.07066799337522704,0.7650749216969435
0.726,1.0,0.0,0.027222999446981533,0.07072633064279972,0.7655428897858444
0.727,1.0,0.0,0.02729375489820902,0.0707845526142082,0.7660099217094533
0.728,1.0,0.0,0.027364568513850114,0.07084265950610202,0.7664760193405309
0.729,1.0,0.0,0.027435440178933505,0.07090065153483659,0.7669411845480922
0.73,1.0,0.0,0.02750636977870409,0.07095852891647239,0.7674054191974136
0.731,1.0,0.0,0.027577357198622678,0.07101629186677419,0.7678687251500399
0.732,1.0,0.0,0.02764840232436569,0.07107394060121026,0.7683311042637927
0.733,1.0,0.0,0.02771950504182487,0.07113147533495164,0.7687925583927772
0.734,1.0,0.0,0.027790665237106982,0.0711888962828714,0.7692530893873897
0.735,1.0,0.0,0.027861882796533528,0.07124620365954391,0.7697126990943252
0.736,1.0,0.0,0.027933157606640415,0.07130339767924418,0.7701713893565848
0.737,1.0,0.0,0.028004489554177683,0.07136047855594707,0.7706291620134829
0.738,1.0,0.0,0.0280758785261092,0.07141744650332671,0.7710860189006546
0.739,1.0,0.0,0.028147324409612352,0.07147430173475577,0.7715419618500634
0.74,1.0,0.0,0.02821882709207775,0.07153104446330484,0.771996992690008
0.741,1.0,0.0,0.028290386461108926,0.0715876749017418,0.7724511132451299
0.742,1.0,0.0,0.02836200240452202,0.07164419326253114,0.7729043253364211
0.743,1.0,0.0,0.028433674810345495,0.07170059975783347,0.7733566307812305
0.744,1.0,0.0,0.028505403566819815,0.07175689459950478,0.773808031393272
0.745,1.0,0.0,0.02857718856239715,0.07181307799909596,0.7742585289826315
0.746,1.0,0.0,0.028649029685741068,0.07186915016785218,0.7747081253557738
0.747,1.0,0.0,0.028720926825726224,0.07192511131671235,0.7751568223155506
0.748,1.0,0.0,0.02879287987143807,0.07198096165630855,0.775604621661207
0.749,1.0,0.0,0.02886488871217253,0.07203670139696555,0.7760515251883892
0.75,1.0,0.0,0.028936953237435697,0.07209233074870028,0.7764975346891512
0.751,1.0,0.0,0.02900907333694353,0.07214784992122125,0.7769426519519624
0.752,1.0,0.0,0.029081248900621536,0.07220325912392815,0.777386878761715
0.753,1.0,0.0,0.02915347981860448,0.0722585585659113,0.7778302168997302
0.754,1.0,0.0,0.029225765981236048,0.07231374845595122,0.7782726681437664
0.755,1.0,0.0,0.02929810727906856,0.07236882900251815,0.7787142342680257
0.756,1.0,0.0,0.029370503602862648,0.0724238004137716,0.7791549170431611
0.757,1.0,0.0,0.029442954843586947,0.07247866289755993,0.7795947182362839
0.758,1.0,0.0,0.02951546089241779,0.07253341666141992,0.7800336396109704
0.759,1.0,0.0,0.029588021640738885,0.07258806191257636,0.7804716829272692
0.76,1.0,0.0,0.02966063698014101,0.07264259885794162,0.7809088499417081
0.761,1.0,0.0,0.029733306802421706,0.0726970277041153,0.7813451424073012
0.762,1.0,0.0,0.029806030999584943,0.07275134865738382,0.7817805620735562
0.763,1.0,0.0,0.029878809463840833,0.07280556192372006,0.7822151106864809
0.764,1.0,0.0,0.029951642087605295,0.07285966770878302,0.7826487899885904
0.765,1.0,0.0,0.030024528763499758,0.07291366621791742,0.7830816017189145
0.766,1.0,0.0,0.030097469384350834,0.07296755765615343,0.783513547613004
0.767,1.0,0.0,0.03017046384319001,0.07302134222820626,0.7839446294029381
0.768,1.0,0.0,0.030243512033253324,0.07307502013847594,0.7843748488173312
0.769,1.0,0.0,0.030316613847981063,0.07312859159104694,0.7848042075813398
0.77,1.0,0.0,0.03038976918101744,0.07318205678968788,0.7852327074166696
0.771,1.0,0.0,0.03046297792621028,0.0732354159378513,0.7856603500415822
0.772,1.0,0.0,0.030536239977610697,0.07328866923867329,0.7860871371709018
0.773,1.0,0.0,0.030609555229472788,0.07334181689497331,0.7865130705160228
0.774,1.0,0.0,0.030682923576253306,0.07339485910925385,0.7869381517849158
0.775,1.0,0.0,0.030756344912611353,0.07344779608370026,0.7873623826821349
0.776,1.0,0.0,0.030829819133408053,0.0735006280201805,0.7877857649088245
0.777,1.0,0.0,0.030903346133706246,0.07355335512024477,0.7882083001627261
0.778,1.0,0.0,0.03097692580877015,0.07360597758512552,0.7886299901381852
0.779,1.0,0.0,0.031050558054065074,0.07365849561573704,0.7890508365261578
0.78,1.0,0.0,0.03112424276525707,0.07371090941267536,0.7894708410142174
0.781,1.0,0.0,0.03119797983821263,0.07376321917621803,0.7898900052865617
0.782,1.0,0.0,0.03127176916899836,0.07381542510632394,0.7903083310240195
0.783,1.0,0.0,0.03134561065388068,0.07386752740263311,0.7907258199040572
0.784,1.0,0.0,0.03141950418932547,0.07391952626446655,0.7911424736007856
0.785,1.0,0.0,0.03149344967199779,0.07397142189082609,0.7915582937849668
0.786,1.0,0.0,0.03156744699876153,0.07402321448039423,0.7919732821240205
0.787,1.0,0.0,0.031641496066679105,0.074074904231534,0.7923874402820311
0.788,1.0,0.0,0.03171559677301114,0.07412649134228881,0.7928007699197542
0.789,1.0,0.0,0.03178974901521613,0.07417797601038233,0.7932132726946233
0.79,1.0,0.0,0.03186395269095015,0.07422935843321835,0.7936249502607561
0.791,1.0,0.0,0.03193820769806651,0.07428063880788073,0.7940358042689618
0.792,1.0,0.0,0.03201251393461544,0.07433181733113321,0.7944458363667471
0.793,1.0,0.0,0.032086871298843786,0.07438289419941937,0.7948550481983233
0.794,1.0,0.0,0.03216127968919466,0.07443386960886252,0.7952634414046124
0.795,1.0,0.0,0.03223573900430716,0.0744847437552656,0.795671017623254
0.796,1.0,0.0,0.03231024914301601,0.07453551683411115,0.7960777784886118
0.797,1.0,0.0,0.032384810004351255,0.0745861890405612,0.7964837256317802
0.798,1.0,0.0,0.03245942148753795,0.07463676056945723,0.7968888606805905
0.799,1.0,0.0,0.032534083491995824,0.0746872316153201,0.7972931852596181
0.8,1.0,0.0,0.03260879591733898,0.07473760237235001,0.7976967009901883
0.801,1.0,0.0,0.03268355866337554,0.07478787303442652,0.7980994094903833
0.802,1.0,0.0,0.03275837163010737,0.07483804379510839,0.7985013123750484
0.803,1.0,0.0,0.03283323471772971,0.07488811484763366,0.7989024112557986
0.804,1.0,0.0,0.032908147826630894,0.0749380863849196,0.7993027077410251
0.805,1.0,0.0,0.03298311085739201,0.07498795859956268,0.7997022034359015
0.806,1.0,0.0,0.03305812371078657,0.07503773168383858,0.8001008999423906
0.807,1.0,0.0,0.03313318628778022,0.07508740582970219,0.8004987988592506
0.808,1.0,0.0,0.033208298489530386,0.07513698122878762,0.8008959017820414
0.809,1.0,0.0,0.03328346021738597,0.07518645807240817,0.8012922103031314
0.81,1.0,0.0,0.03335867137288704,0.07523583655155645,0.8016877260117033
0.811,1.0,0.0,0.033433931857764485,0.07528511685690428,0.8020824504937613
0.812,1.0,0.0,0.0335092415739397,0.07533429917880283,0.8024763853321364
0.8130000000000001,1.0,0.0,0.033584600423524284,0.07538338370728255,0.8028695321064936
0.8140000000000001,1.0,0.0,0.0336600083088197,0.07543237063205335,0.8032618923933378
0.8150000000000001,1.0,0.0,0.033735465132316955,0.0754812601425045,0.8036534677660204
0.8160000000000001,1.0,0.0,0.033810970796696295,0.0755300524277048,0.8040442597947455
0.8170000000000001,1.0,0.0,0.03388652520482687,0.07557874767640259,0.8044342700465759
0.8180000000000001,1.0,0.0,0.03396212825976642,0.07562734607702581,0.8048235000854398
0.8190000000000001,1.0,0.0,0.034037779864760934,0.07567584781768211,0.8052119514721369
0.8200000000000001,1.0,0.0,0.034113479923244386,0.07572425308615888,0.8055996257643446
0.8210000000000001,1.0,0.0,0.03418922833883835,0.07577256206992336,0.8059865245166246
0.8220000000000001,1.0,0.0,0.03426502501535171,0.07582077495612273,0.8063726492804283
0.8230000000000001,1.0,0.0,0.034340869856780344,0.07586889193158418,0.806758001604104
0.8240000000000001,1.0,0.0,0.034416762767306805,0.07591691318281506,0.8071425830329026
0.8250000000000001,1.0,0.0,0.034492703651299965,0.07596483889600292,0.8075263951089838
0.8260000000000001,1.0,0.0,0.03456869241331475,0.07601266925701566,0.8079094393714223
0.8270000000000001,1.0,0.0,0.034644728958091786,0.07606040445140165,0.8082917173562141
0.8280000000000001,1.0,0.0,0.03472081319055709,0.0761080446643898,0.8086732305962825
0.8290000000000001,1.0,0.0,0.03479694501582174,0.07615559008088975,0.8090539806214843
0.8300000000000001,1.0,0.0,0.03487312433918158,0.07620304088549194,0.8094339689586161
0.8310000000000001,1.0,0.0,0.03494935106611685,0.07625039726246778,0.8098131971314201
0.8320000000000001,1.0,0.0,0.03502562510229195,0.07629765939576978,0.8101916666605905
0.833,1.0,0.0,0.03510194635355504,0.07634482746903169,0.8105693790637796
0.834,1.0,0.0,0.03517831472593777,0.07639190166556865,0.8109463358556034
0.835,1.0,0.0,0.03525473012565494,0.07643888216837735,0.8113225385476484
0.836,1.0,0.0,0.03533119245910418,0.07648576916013616,0.811697988648477
0.837,1.0,0.0,0.035407701632865655,0.07653256282320532,0.812072687663634
0.838,1.0,0.0,0.035484257553701715,0.0765792633396271,0.8124466370956526
0.839,1.0,0.0,0.03556086012855661,0.07662587089112595,0.81281983844406
0.84,1.0,0.0,0.03563750926455613,0.07667238565910872,0.813192293205384
0.841,1.0,0.0,0.03571420486900735,0.07671880782466478,0.8135640028731586
0.842,1.0,0.0,0.03579094684939825,0.07676513756856625,0.8139349689379299
0.843,1.0,0.0,0.03586773511339743,0.07681137507126816,0.8143051928872627
0.844,1.0,0.0,0.03594456956885377,0.07685752051290866,0.8146746762057456
0.845,1.0,0.0,0.036021450123796164,0.0769035740733092,0.8150434203749979
0.846,1.0,0.0,0.03609837668643314,0.07694953593197473,0.8154114268736745
0.847,1.0,0.0,0.036175349165152595,0.07699540626809391,0.8157786971774726
0.848,1.0,0.0,0.03625236746852144,0.07704118526053932,0.8161452327591375
0.849,1.0,0.0,0.0363294315052853,0.07708687308786767,0.8165110350884682
0.85,1.0,0.0,0.036406541184368216,0.07713246992832,0.8168761056323236
0.851,1.0,0.0,0.03648369641487229,0.0771779759598219,0.8172404458546282
0.852,1.0,0.0,0.03656089710607741,0.07722339135998377,0.817604057216378
0.853,1.0,0.0,0.03663814316744091,0.07726871630610098,0.8179669411756463
0.854,1.0,0.0,0.03671543450859726,0.07731395097515414,0.8183290991875898
0.855,1.0,0.0,0.036792771039357755,0.07735909554380936,0.8186905327044542
0.856,1.0,0.0,0.0368701526697102,0.07740415018841842,0.8190512431755802
0.857,1.0,0.0,0.03694757930981859,0.07744911508501906,0.819411232047409
0.858,1.0,0.0,0.03702505087002281,0.07749399040933522,0.8197705007634882
0.859,1.0,0.0,0.0371025672608383,0.07753877633677722,0.8201290507644781
0.86,1.0,0.0,0.03718012839295577,0.07758347304244212,0.8204868834881566
0.861,1.0,0.0,0.03725773417724086,0.07762808070111388,0.8208440003694256
0.862,1.0,0.0,0.03733538452473383,0.07767259948726364,0.8212004028403168
0.863,1.0,0.0,0.037413079346649274,0.07771702957505004,0.8215560923299969
0.864,1.0,0.0,0.03749081855437576,0.0777613711383194,0.8219110702647738
0.865,1.0,0.0,0.037568602059475584,0.07780562435060599,0.8222653380681022
0.866,1.0,0.0,0.03764642977368439,0.0778497893851324,0.8226188971605891
0.867,1.0,0.0,0.0377243016089109,0.07789386641480966,0.8229717489599998
0.868,1.0,0.0,0.03780221747723659,0.07793785561223765,0.8233238948812635
0.869,1.0,0.0,0.03788017729091539,0.07798175714970527,0.8236753363364787
0.87,1.0,0.0,0.03795818096237335,0.07802557119919083,0.8240260747349194
0.871,1.0,0.0,0.03803622840420834,0.07806929793236224,0.8243761114830401
0.872,1.0,0.0,0.03811431952918976,0.0781129375205773,0.8247254479844821
0.873,1.0,0.0,0.0381924542502582,0.07815649013488406,0.8250740856400784
0.874,1.0,0.0,0.03827063248052514,0.07819995594602105,0.8254220258478603
0.875,1.0,0.0,0.03834885413327266,0.07824333512441761,0.8257692700030618
0.876,1.0,0.0,0.0384271191219531,0.07828662784019416,0.8261158194981262
0.877,1.0,0.0,0.038505427360188776,0.0783298342631625,0.8264616757227112
0.878,1.0,0.0,0.03858377876177165,0.07837295456282614,0.8268068400636946
0.879,1.0,0.0,0.03866217324066305,0.07841598890838056,0.8271513139051799
0.88,1.0,0.0,0.038740610710993335,0.07845893746871356,0.8274950986285016
0.881,1.0,0.0,0.0388190910870616,0.07850180041240556,0.8278381956122309
0.882,1.0,0.0,0.038897614283335366,0.07854457790772987,0.8281806062321816
0.883,1.0,0.0,0.03897618021445026,0.07858727012265308,0.8285223318614149
0.884,1.0,0.0,0.03905478879520975,0.07862987722483532,0.8288633738702453
0.885,1.0,0.0,0.039133439940584804,0.07867239938163056,0.8292037336262464
0.886,1.0,0.0,0.039212133565713576,0.078714836760087,0.8295434124942557
0.887,1.0,0.0,0.03929086958590112,0.07875718952694737,0.8298824118363803
0.888,1.0,0.0,0.03936964791661909,0.07879945784864918,0.830220733012003
0.889,1.0,0.0,0.03944846847350541,0.07884164189132518,0.8305583773777868
0.89,1.0,0.0,0.039527331172364004,0.07888374182080361,0.8308953462876809
0.891,1.0,0.0,0.039606235929164464,0.0789257578026085,0.831231641092926
0.892,1.0,0.0,0.03968518266004174,0.07896769000196009,0.8315672631420598
0.893,1.0,0.0,0.039764171281295876,0.07900953858377512,0.831902213780922
0.894,1.0,0.0,0.03984320170939166,0.07905130371266714,0.8322364943526604
0.895,1.0,0.0,0.03992227386095834,0.0790929855529469,0.8325701061977359
0.896,1.0,0.0,0.04000138765278935,0.0791345842686227,0.8329030506539274
0.897,1.0,0.0,0.04008054300184195,0.0791761000234007,0.8332353290563383
0.898,1.0,0.0,0.04015973982523698,0.07921753298068523,0.8335669427374007
0.899,1.0,0.0,0.04023897804025853,0.07925888330357923,0.8338978930268814
0.9,1.0,0.0,0.040318257564353616,0.07930015115488455,0.8342281812518871
0.901,1.0,0.0,0.04039757831513193,0.07934133669710228,0.8345578087368697
0.902,1.0,0.0,0.04047694021036552,0.07938244009243313,0.8348867768036315
0.903,1.0,0.0,0.040556343167988465,0.0794234615027778,0.8352150867713307
0.904,1.0,0.0,0.04063578710609661,0.07946440108973733,0.8355427399564865
0.905,1.0,0.0,0.040715271942947245,0.07950525901461342,0.8358697376729847
0.906,1.0,0.0,0.04079479759695881,0.07954603543840882,0.8361960812320823
0.907,1.0,0.0,0.040874363986710606,0.07958673052182773,0.8365217719424136
0.908,1.0,0.0,0.040953971030942476,0.07962734442527607,0.8368468111099948
0.909,1.0,0.0,0.04103361864855454,0.07966787730886195,0.8371712000382296
0.91,1.0,0.0,0.04111330675860685,0.07970832933239594,0.8374949400279144
0.911,1.0,0.0,0.04119303528031915,0.07974870065539152,0.837818032377243
0.912,1.0,0.0,0.04127280413307054,0.07978899143706542,0.8381404783818126
0.913,1.0,0.0,0.04135261323639916,0.07982920183633792,0.8384622793346286
0.914,1.0,0.0,0.041432462510001954,0.07986933201183337,0.8387834365261096
0.915,1.0,0.0,0.04151235187373434,0.07990938212188045,0.8391039512440931
0.916,1.0,0.0,0.04159228124760991,0.07994935232451257,0.8394238247738399
0.917,1.0,0.0,0.041672250551800134,0.07998924277746829,0.8397430583980401
0.918,1.0,0.0,0.04175225970663409,0.0800290536381916,0.8400616533968176
0.919,1.0,0.0,0.04183230863259815,0.08006878506383242,0.8403796110477355
0.92,1.0,0.0,0.04191239725033569,0.08010843721124689,0.8406969326258013
0.921,1.0,0.0,0.04199252548064676,0.08014801023699782,0.8410136194034716
0.922,1.0,0.0,0.04207269324448788,0.08018750429735501,0.841329672650658
0.923,1.0,0.0,0.04215290046297166,0.08022691954829571,0.8416450936347312
0.924,1.0,0.0,0.04223314705736656,0.08026625614550491,0.841959883620527
0.925,1.0,0.0,0.04231343294909656,0.08030551424437579,0.8422740438703507
0.926,1.0,0.0,0.0423937580597409,0.08034469400001014,0.8425875756439822
0.927,1.0,0.0,0.04247412231103377,0.08038379556721865,0.8429004801986819
0.928,1.0,0.0,0.04255452562486404,0.08042281910052142,0.8432127587891945
0.929,1.0,0.0,0.042634967923274925,0.08046176475414822,0.843524412667755
0.93,1.0,0.0,0.042715449128463756,0.08050063268203901,0.8438354430840931
0.931,1.0,0.0,0.042795969162781645,0.08053942303784424,0.8441458512854385
0.932,1.0,0.0,0.04287652794873321,0.08057813597492532,0.844455638516526
0.933,1.0,0.0,0.04295712540897628,0.08061677164635495,0.8447648060196005
0.934,1.0,0.0,0.043037761466321635,0.08065533020491755,0.8450733550344214
0.935,1.0,0.0,0.04311843604373266,0.08069381180310968,0.8453812867982683
0.936,1.0,0.0,0.04319914906432513,0.08073221659314038,0.8456886025459457
0.937,1.0,0.0,0.043279900451366864,0.08077054472693161,0.8459953035097878
0.9380000000000001,1.0,0.0,0.043360690128277465,0.08080879635611868,0.8463013909196635
0.9390000000000001,1.0,0.0,0.04344151801862802,0.08084697163205055,0.8466068660029816
0.9400000000000001,1.0,0.0,0.04352238404614084,0.08088507070579039,0.8469117299846954
0.9410000000000001,1.0,0.0,0.04360328813468914,0.0809230937281158,0.8472159840873077
0.9420000000000001,1.0,0.0,0.043684230208296766,0.0809610408495194,0.8475196295308758
0.9430000000000001,1.0,0.0,0.04376521019113794,0.08099891222020907,0.8478226675330162
0.9440000000000001,1.0,0.0,0.04384622800753692,0.08103670799010845,0.8481250993089097
0.9450000000000001,1.0,0.0,0.04392728358196777,0.08107442830885736,0.8484269260713062
0.9460000000000001,1.0,0.0,0.044008376839054036,0.08111207332581216,0.8487281490305295
0.9470000000000001,1.0,0.0,0.04408950770356849,0.08114964319004615,0.8490287693944822
0.9480000000000001,1.0,0.0,0.04417067610043282,0.08118713805035004,0.8493287883686506
0.9490000000000001,1.0,0.0,0.04425188195471739,0.0812245580552323,0.8496282071561091
0.9500000000000001,1.0,0.0,0.0443331251916409,0.08126190335291959,0.849927026957526
0.9510000000000001,1.0,0.0,0.04441440573657015,0.0812991740913572,0.8502252489711671
0.9520000000000001,1.0,0.0,0.04449572351501976,0.08133637041820943,0.8505228743929016
0.9530000000000001,1.0,0.0,0.04457707845265184,0.08137349248086001,0.8508199044162061
0.9540000000000001,1.0,0.0,0.044658470475275776,0.08141054042641252,0.8511163402321699
0.9550000000000001,1.0,0.0,0.0447398995088479,0.08144751440169079,0.8514121830294993
0.9560000000000001,1.0,0.0,0.04482136547947125,0.08148441455323936,0.8517074339945229
0.9570000000000001,1.0,0.0,0.04490286831339523,0.08152124102732382,0.8520020943111959
0.9580000000000001,1.0,0.0,0.04498440793701541,0.08155799396993128,0.8522961651611051
0.9590000000000001,1.0,0.0,0.045065984276873174,0.08159467352677079,0.8525896477234736
0.96,1.0,0.0,0.0451475972596555,0.0816312798432737,0.8528825431751654
0.961,1.0,0.0,0.04522924681219466,0.08166781306459418,0.8531748526906906
0.962,1.0,0.0,0.04531093286146792,0.08170427333560955,0.8534665774422091
0.963,1.0,0.0,0.04539265533459731,0.0817406608009207,0.8537577185995364
0.964,1.0,0.0,0.045474414158849306,0.08177697560485256,0.8540482773301478
0.965,1.0,0.0,0.045556209261634575,0.08181321789145451,0.8543382547991828
0.966,1.0,0.0,0.0456380405705077,0.08184938780450077,0.8546276521694504
0.967,1.0,0.0,0.0457199080131669,0.08188548548749083,0.8549164706014332
0.968,1.0,0.0,0.045801811517453744,0.0819215110836499,0.8552047112532924
0.969,1.0,0.0,0.04588375101135291,0.08195746473592927,0.8554923752808725
0.97,1.0,0.0,0.045965726422991876,0.08199334658700681,0.8557794638377054
0.971,1.0,0.0,0.04604773768064066,0.08202915677928736,0.8560659780750156
0.972,1.0,0.0,0.046129784712711557,0.08206489545490311,0.8563519191417247
0.973,1.0,0.0,0.04621186744775886,0.0821005627557141,0.8566372881844557
0.974,1.0,0.0,0.046293985814478585,0.08213615882330859,0.856922086347538
0.975,1.0,0.0,0.046376139741708185,0.08217168379900347,0.8572063147730117
0.976,1.0,0.0,0.04645832915842631,0.08220713782384476,0.8574899746006323
0.977,1.0,0.0,0.04654055399375252,0.08224252103860795,0.8577730669678751
0.978,1.0,0.0,0.04662281417694701,0.0822778335837985,0.8580555930099404
0.979,1.0,0.0,0.04670510963741034,0.08231307559965223,0.8583375538597571
0.98,1.0,0.0,0.046787440304683195,0.08234824722613568,0.8586189506479878
0.981,1.0,0.0,0.04686980610844606,0.08238334860294666,0.8588997845030333
0.982,1.0,0.0,0.046952206978519005,0.0824183798695146,0.859180056551037
0.983,1.0,0.0,0.0470346428448614,0.08245334116500098,0.8594597679158896
0.984,1.0,0.0,0.047117113637571616,0.0824882326282998,0.8597389197192334
0.985,1.0,0.0,0.04719961928688681,0.08252305439803793,0.8600175130804669
0.986,1.0,0.0,0.04728215972318263,0.08255780661257564,0.8602955491167493
0.987,1.0,0.0,0.04736473487697293,0.08259248941000692,0.8605730289430049
0.988,1.0,0.0,0.04744734467890955,0.08262710292815999,0.8608499536719276
0.989,1.0,0.0,0.047529989059782014,0.08266164730459767,0.8611263244139856
0.99,1.0,0.0,0.04761266795051728,0.08269612267661786,0.8614021422774253
0.991,1.0,0.0,0.04769538128217946,0.08273052918125391,0.8616774083682763
0.992,1.0,0.0,0.04777812898596959,0.08276486695527512,0.8619521237903557
0.993,1.0,0.0,0.047860910993225314,0.08279913613518709,0.8622262896452721
0.994,1.0,0.0,0.04794372723542068,0.08283333685723222,0.8624999070324307
0.995,1.0,0.0,0.048026577644165826,0.08286746925739008,0.8627729770490373
0.996,1.0,0.0,0.04810946215120674,0.08290153347137787,0.8630455007901026
0.997,1.0,0.0,0.04819238068842501,0.08293552963465085,0.8633174793484468
0.998,1.0,0.0,0.04827533318783754,0.08296945788240277,0.8635889138147043
0.999,1.0,0.0,0.048358319581596296,0.08300331834956627,0.8638598052773271
1.0,1.0,0.0,0.048441339801988045,0.08303711117081335,0.8641301548225903
