scenario_id,category,parameter_name,parameter_scale,measurement_noise_std_rad,encoder_counts_per_revolution,control_delay_samples,voltage_limit_v,zero_delay_linearized_spectral_radius,zero_delay_linearization_stable,rms_tracking_error_rad,tail_mean_absolute_tracking_error_rad,peak_absolute_position_rad,peak_absolute_speed_rad_s,peak_absolute_current_a,rms_position_estimation_error_rad,maximum_absolute_applied_voltage_v,saturated_sample_count,all_values_finite,voltage_limit_respected,inside_development_integrity_envelope,description
nominal,baseline,,,0.0,,0,6.0,0.9920319148369734,True,0.0031826718826047313,3.164139259664508e-08,0.009999987159264485,0.027382703480186735,0.3793512689962337,0.0,5.544338217446472,0,True,True,True,Exact MODEL-010 nominal plant and implementation.
armature_resistance_ohm-x0.80,plant_parameter,armature_resistance_ohm,0.8,0.0,,0,6.0,0.993129839300486,True,0.003141403108053144,6.088443727949796e-08,0.010027074122407706,0.028410945510011654,0.38895895497434996,6.800218752773925e-06,5.544338217446472,0,True,True,True,One-at-a-time synthetic multiplier of 0.80 on armature_resistance_ohm.
armature_resistance_ohm-x1.20,plant_parameter,armature_resistance_ohm,1.2,0.0,,0,6.0,0.994580468399696,True,0.003227110072026466,8.214059397541624e-07,0.009999546877845052,0.026426671086006135,0.37035945632453915,6.355586269714072e-06,5.544338217446472,0,True,True,True,One-at-a-time synthetic multiplier of 1.20 on armature_resistance_ohm.
armature_inductance_h-x0.80,plant_parameter,armature_inductance_h,0.8,0.0,,0,6.0,0.9955660901677873,True,0.003061621035837662,3.0099824338948417e-06,0.009998137076009527,0.030860284413312438,0.453788642519383,1.986760291770022e-05,5.544338217446472,0,True,True,True,One-at-a-time synthetic multiplier of 0.80 on armature_inductance_h.
armature_inductance_h-x1.20,plant_parameter,armature_inductance_h,1.2,0.0,,0,6.0,0.9955183503891174,True,0.0033000171115786553,3.3824876319138096e-06,0.010210348999543853,0.024928354238215805,0.32723681463218146,1.5281446757587635e-05,5.544338217446472,0,True,True,True,One-at-a-time synthetic multiplier of 1.20 on armature_inductance_h.
torque_constant_nm_per_a-x0.80,plant_parameter,torque_constant_nm_per_a,0.8,0.0,,0,6.0,0.9954218889576194,True,0.0033724086195719054,1.3232106704682505e-06,0.010116383778739172,0.02343567662459362,0.38521051495056585,1.9412865074187976e-05,5.544338217446472,0,True,True,True,One-at-a-time synthetic multiplier of 0.80 on torque_constant_nm_per_a.
torque_constant_nm_per_a-x1.20,plant_parameter,torque_constant_nm_per_a,1.2,0.0,,0,6.0,0.9948912776942185,True,0.0030408519458923625,9.555281524366472e-07,0.009999452903833783,0.031191357488763918,0.37449413205418436,1.7687465325549714e-05,5.544338217446472,0,True,True,True,One-at-a-time synthetic multiplier of 1.20 on torque_constant_nm_per_a.
back_emf_constant_v_per_rad_s-x0.80,plant_parameter,back_emf_constant_v_per_rad_s,0.8,0.0,,0,6.0,0.9919842209112733,True,0.003182644895847357,3.091584394935426e-08,0.009999987506627282,0.02738316939974561,0.3793540116760217,6.036523369256199e-09,5.544338217446472,0,True,True,True,One-at-a-time synthetic multiplier of 0.80 on back_emf_constant_v_per_rad_s.
back_emf_constant_v_per_rad_s-x1.20,plant_parameter,back_emf_constant_v_per_rad_s,1.2,0.0,,0,6.0,0.9920752777008113,True,0.003182698873889458,3.236965508541384e-08,0.009999986810193453,0.027382237566080776,0.3793485263266938,6.036192931942727e-09,5.544338217446472,0,True,True,True,One-at-a-time synthetic multiplier of 1.20 on back_emf_constant_v_per_rad_s.
rotor_inertia_kg_m2-x0.80,plant_parameter,rotor_inertia_kg_m2,0.8,0.0,,0,6.0,0.995058811857287,True,0.0031282867422100695,1.4874798198474468e-06,0.010012434671486629,0.0282979649130423,0.3744468517625637,1.248109993446939e-05,5.544338217446472,0,True,True,True,One-at-a-time synthetic multiplier of 0.80 on rotor_inertia_kg_m2.
rotor_inertia_kg_m2-x1.20,plant_parameter,rotor_inertia_kg_m2,1.2,0.0,,0,6.0,0.9950403955757734,True,0.0032386175393178725,2.526306995703949e-07,0.009999776712850541,0.02671274227110722,0.38337656347338,1.0790484519693908e-05,5.544338217446472,0,True,True,True,One-at-a-time synthetic multiplier of 1.20 on rotor_inertia_kg_m2.
viscous_friction_nm_s_per_rad-x0.80,plant_parameter,viscous_friction_nm_s_per_rad,0.8,0.0,,0,6.0,0.9955585141057723,True,0.003076401667388072,2.3532364122784855e-06,0.009998710759548059,0.03083451619930736,0.3784695997753525,1.6301786580960988e-05,5.544338217446472,0,True,True,True,One-at-a-time synthetic multiplier of 0.80 on viscous_friction_nm_s_per_rad.
viscous_friction_nm_s_per_rad-x1.20,plant_parameter,viscous_friction_nm_s_per_rad,1.2,0.0,,0,6.0,0.9956842102285943,True,0.0032888860017423515,2.271460979076396e-06,0.010073606382969674,0.024577447547610116,0.3802290809297103,1.2815130349838484e-05,5.544338217446472,0,True,True,True,One-at-a-time synthetic multiplier of 1.20 on viscous_friction_nm_s_per_rad.
encoder-2048-count,sensor,,,0.0,2048,0,6.0,0.9920319148369734,True,0.003182742825353022,0.000459986627221406,0.010975523438129714,0.02944285260500675,0.4374374080832416,0.0009113139262861714,5.544338217446472,0,True,True,True,Position rounded to a synthetic 2048-count/revolution encoder.
sensor-noise-20-urad,sensor,,,2e-05,,0,6.0,0.9920319148369734,True,0.0031824327647937273,3.070776445845101e-07,0.01000267168378415,0.02738945998226143,0.37940000574553034,3.2323683784263985e-06,5.544338217446472,0,True,True,True,Seeded Gaussian position noise with a 20 microradian standard deviation.
sensor-combined,sensor,,,2e-05,4096,0,6.0,0.9920319148369734,True,0.0031734057625157058,0.00011030798981617435,0.010281244858866863,0.027663873290713882,0.40985841693512953,0.0004837532066103832,5.544338217446472,0,True,True,True,A synthetic 4096-count/revolution encoder with seeded 20 microradian noise.
one-sample-command-delay,timing,,,0.0,,1,6.0,0.9920319148369734,True,0.0031863680426136424,5.235321728126914e-08,0.009999977102133174,0.027513353549629728,0.38035936240303914,9.747154335820312e-07,5.544338217446472,0,True,True,True,One unmodelled 1 ms sample of actuator-command delay.
two-sample-command-delay,timing,,,0.0,,2,6.0,0.9920319148369734,True,0.0031900946062885975,7.298817255365145e-08,0.00999996678124544,0.02764427410707585,0.38135490318369875,1.9564851588181372e-06,5.544338217446472,0,True,True,True,Two unmodelled 1 ms samples of actuator-command delay.
reduced-supply-4v5,actuator,,,0.0,,0,4.5,0.9920319148369734,True,0.0031918325582317372,3.194839152892773e-08,0.009999987034455739,0.027376808790988506,0.3791675196907994,0.0,4.5,12,True,True,True,Available command voltage reduced from 6.0 V to 4.5 V.
combined-development-stress,combined,,,2e-05,4096,1,4.5,0.9959070794990472,True,0.003431444115255722,9.408968292857086e-05,0.010299422578028879,0.023175808843632306,0.42498317951567854,0.0005093356718182679,4.5,12,True,True,True,"Synthetic high inertia, low torque constant, sensor limitations, one-sample delay, and reduced supply."
